[{"name": "Aerocool Touch-1000", "rating": 4, "rating_count": 2, "price_usd": 22.99, "channels": "4", "channel_wattage": null, "pwm_(4-pin)": false, "form_factor": "5.25\"", "color": null}, {"name": "Deepcool ROCK MASTER V3.0", "rating": 2, "rating_count": 2, "price_usd": null, "channels": "4", "channel_wattage": "10 W", "pwm_(4-pin)": true, "form_factor": "5.25\"", "color": null}, {"name": "Kingwin FPX-001", "rating": 3, "rating_count": 6, "price_usd": 15.22, "channels": "4", "channel_wattage": "8 W", "pwm_(4-pin)": false, "form_factor": "3.5\"", "color": null}, {"name": "Thermaltake Commander FT", "rating": 5, "rating_count": 3, "price_usd": 56.33, "channels": "5", "channel_wattage": "10 W", "pwm_(4-pin)": true, "form_factor": "5.25\"", "color": null}, {"name": "Aerocool F6XT", "rating": 0, "rating_count": 0, "price_usd": 21.69, "channels": "6", "channel_wattage": "12 W", "pwm_(4-pin)": true, "form_factor": "5.25\"", "color": null}, {"name": "NZXT Sentry Mix 2", "rating": 4, "rating_count": 53, "price_usd": null, "channels": "6", "channel_wattage": "30 W", "pwm_(4-pin)": true, "form_factor": "5.25\"", "color": null}, {"name": "Lamptron Fanatic", "rating": 0, "rating_count": 0, "price_usd": null, "channels": "5", "channel_wattage": "60 W", "pwm_(4-pin)": true, "form_factor": "5.25\"", "color": null}, {"name": "Thermaltake Commander F6 RGB", "rating": 0, "rating_count": 0, "price_usd": null, "channels": "6", "channel_wattage": "0.03 W", "pwm_(4-pin)": true, "form_factor": "5.25\"", "color": "Black"}, {"name": "NZXT SENTRY 3", "rating": 4, "rating_count": 33, "price_usd": null, "channels": "5", "channel_wattage": "15 W", "pwm_(4-pin)": true, "form_factor": "5.25\"", "color": null}, {"name": "NZXT Sentry Mesh", "rating": 4, "rating_count": 10, "price_usd": null, "channels": "5", "channel_wattage": "30 W", "pwm_(4-pin)": false, "form_factor": "5.25\"", "color": null}, {"name": "Kingwin FPX-003", "rating": 4, "rating_count": 4, "price_usd": null, "channels": "4", "channel_wattage": "8 W", "pwm_(4-pin)": false, "form_factor": "5.25\"", "color": null}, {"name": "Lamptron FC2", "rating": 5, "rating_count": 1, "price_usd": null, "channels": "6", "channel_wattage": "45 W", "pwm_(4-pin)": true, "form_factor": "5.25\"", "color": null}, {"name": "NZXT Sentry 2", "rating": 4, "rating_count": 23, "price_usd": null, "channels": "5", "channel_wattage": "10 W", "pwm_(4-pin)": false, "form_factor": "5.25\"", "color": null}, {"name": "Silverstone FP59B", "rating": 0, "rating_count": 0, "price_usd": null, "channels": "1", "channel_wattage": null, "pwm_(4-pin)": false, "form_factor": "5.25\"", "color": "Black"}, {"name": "Thermaltake AC-001-BN1NAN-A1", "rating": 4, "rating_count": 1, "price_usd": null, "channels": "5", "channel_wattage": "8 W", "pwm_(4-pin)": true, "form_factor": "5.25\"", "color": null}, {"name": "Lamptron FC-CF525-BK", "rating": 5, "rating_count": 1, "price_usd": null, "channels": "5", "channel_wattage": "60 W", "pwm_(4-pin)": true, "form_factor": "5.25\"", "color": null}, {"name": "Aerocool Touch 2100", "rating": 5, "rating_count": 1, "price_usd": null, "channels": "5", "channel_wattage": "25 W", "pwm_(4-pin)": false, "form_factor": "2 x 5.25\"", "color": null}, {"name": "NZXT Sentry LX", "rating": 3, "rating_count": 14, "price_usd": null, "channels": "5", "channel_wattage": "6 W", "pwm_(4-pin)": false, "form_factor": "2 x 5.25\"", "color": null}, {"name": "Aerocool Touch 2000", "rating": 4, "rating_count": 4, "price_usd": null, "channels": "4", "channel_wattage": "6 W", "pwm_(4-pin)": false, "form_factor": "2 x 5.25\"", "color": null}, {"name": "BitFenix Recon (Black)", "rating": 3, "rating_count": 10, "price_usd": null, "channels": "5", "channel_wattage": "10 W", "pwm_(4-pin)": true, "form_factor": "5.25\"", "color": null}, {"name": "Lamptron FC-FC5V3-BK", "rating": 4, "rating_count": 1, "price_usd": null, "channels": "6", "channel_wattage": "30 W", "pwm_(4-pin)": true, "form_factor": "5.25\"", "color": null}, {"name": "Aerocool CoolTouch-R Black", "rating": 3, "rating_count": 2, "price_usd": null, "channels": "4", "channel_wattage": "20 W", "pwm_(4-pin)": true, "form_factor": "5.25\"", "color": null}, {"name": "Lamptron FC-FC5V2-B", "rating": 0, "rating_count": 0, "price_usd": null, "channels": "4", "channel_wattage": "30 W", "pwm_(4-pin)": false, "form_factor": "5.25\"", "color": null}, {"name": "Gelid Solutions SpeedTouch6", "rating": 3, "rating_count": 1, "price_usd": null, "channels": "6", "channel_wattage": "30 W", "pwm_(4-pin)": true, "form_factor": "5.25\"", "color": null}, {"name": "Lamptron FC-FANATIC-B", "rating": 4, "rating_count": 1, "price_usd": null, "channels": "5", "channel_wattage": "60 W", "pwm_(4-pin)": true, "form_factor": "5.25\"", "color": null}, {"name": "Kingwin FPX-005", "rating": 4, "rating_count": 4, "price_usd": null, "channels": "5", "channel_wattage": "8 W", "pwm_(4-pin)": true, "form_factor": "5.25\"", "color": null}, {"name": "Lamptron FC6", "rating": 5, "rating_count": 1, "price_usd": null, "channels": "4", "channel_wattage": "10 W", "pwm_(4-pin)": true, "form_factor": "5.25\"", "color": null}, {"name": "Aerocool Strike-X-X1000", "rating": 0, "rating_count": 0, "price_usd": null, "channels": "5", "channel_wattage": "25 W", "pwm_(4-pin)": false, "form_factor": "5.25\"", "color": null}, {"name": "Aerocool V12XT", "rating": 0, "rating_count": 0, "price_usd": null, "channels": "4", "channel_wattage": "6 W", "pwm_(4-pin)": false, "form_factor": "2 x 5.25\"", "color": null}, {"name": "BitFenix Recon (White)", "rating": 4, "rating_count": 2, "price_usd": null, "channels": "5", "channel_wattage": "10 W", "pwm_(4-pin)": true, "form_factor": "5.25\"", "color": null}, {"name": "Lamptron FC9", "rating": 2, "rating_count": 1, "price_usd": null, "channels": "4", "channel_wattage": "50 W", "pwm_(4-pin)": true, "form_factor": "5.25\"", "color": null}, {"name": "Lamptron FC Touch", "rating": 0, "rating_count": 0, "price_usd": null, "channels": "6", "channel_wattage": "30 W", "pwm_(4-pin)": true, "form_factor": "5.25\"", "color": null}, {"name": "Lamptron CW611-B", "rating": 4, "rating_count": 2, "price_usd": null, "channels": "6", "channel_wattage": "36 W", "pwm_(4-pin)": false, "form_factor": "5.25\"", "color": null}, {"name": "Lamptron FC-FC2-B", "rating": 0, "rating_count": 0, "price_usd": null, "channels": "6", "channel_wattage": "45 W", "pwm_(4-pin)": false, "form_factor": "5.25\"", "color": null}, {"name": "Lamptron FC-CM615-BK", "rating": 0, "rating_count": 0, "price_usd": null, "channels": "6", "channel_wattage": "15 W", "pwm_(4-pin)": false, "form_factor": "5.25\"", "color": null}, {"name": "Scythe Kaze Master Flat II", "rating": 0, "rating_count": 0, "price_usd": null, "channels": "4", "channel_wattage": "36 W", "pwm_(4-pin)": false, "form_factor": "5.25\"", "color": "Black"}, {"name": "Aerocool X-Vision", "rating": 0, "rating_count": 0, "price_usd": null, "channels": "5", "channel_wattage": "0.008 W", "pwm_(4-pin)": false, "form_factor": "5.25\"", "color": "Black"}]