[{"name": "Microsoft Windows 10 Home (64-bit)", "rating": 4, "rating_count": 968, "price_usd": 108.78, "type": "Windows", "mode": "64-bit", "maximum_supported_memory": "128 GB"}, {"name": "Microsoft Windows 10 Pro (64-bit)", "rating": 4, "rating_count": 658, "price_usd": 139.88, "type": "Windows", "mode": "64-bit", "maximum_supported_memory": "2048 GB"}, {"name": "Microsoft Windows 10 Home (64-bit)", "rating": 4, "rating_count": 70, "price_usd": null, "type": "Windows", "mode": "64-bit", "maximum_supported_memory": "128 GB"}, {"name": "Microsoft Windows 10 Pro (32/64-bit)", "rating": 4, "rating_count": 55, "price_usd": 189.0, "type": "Windows", "mode": "32/64-bit", "maximum_supported_memory": "2048 GB"}, {"name": "Microsoft Windows 10 Home (32/64-bit)", "rating": 4, "rating_count": 67, "price_usd": 129.99, "type": "Windows", "mode": "32/64-bit", "maximum_supported_memory": "128 GB"}, {"name": "Microsoft Windows 10 Pro (32/64-bit)", "rating": 4, "rating_count": 18, "price_usd": 199.0, "type": "Windows", "mode": "32/64-bit", "maximum_supported_memory": "2048 GB"}, {"name": "Microsoft Windows 7 Professional (32/64-bit)", "rating": 5, "rating_count": 18, "price_usd": 229.0, "type": "Windows", "mode": "32/64-bit", "maximum_supported_memory": "192 GB"}, {"name": "Microsoft Windows 10 Home (32/64-bit)", "rating": 4, "rating_count": 12, "price_usd": 129.94, "type": "Windows", "mode": "32/64-bit", "maximum_supported_memory": "128 GB"}, {"name": "Microsoft Windows 7 Home Premium (32/64-bit)", "rating": 4, "rating_count": 31, "price_usd": null, "type": "Windows", "mode": "32/64-bit", "maximum_supported_memory": "16 GB"}, {"name": "Microsoft Windows 10 Pro (64-bit)", "rating": 4, "rating_count": 7, "price_usd": null, "type": "Windows", "mode": "64-bit", "maximum_supported_memory": "2048 GB"}, {"name": "Microsoft Windows 10 Home (64-bit)", "rating": 4, "rating_count": 3, "price_usd": null, "type": "Windows", "mode": "64-bit", "maximum_supported_memory": "128 GB"}, {"name": "Microsoft Windows 10 Pro (32/64-bit)", "rating": 4, "rating_count": 6, "price_usd": null, "type": "Windows", "mode": "32/64-bit", "maximum_supported_memory": "2048 GB"}, {"name": "Microsoft Windows 10 Home (32-bit)", "rating": 2, "rating_count": 1, "price_usd": 119.99, "type": "Windows", "mode": "32-bit", "maximum_supported_memory": "4 GB"}, {"name": "Microsoft Windows 10 Home (32/64-bit)", "rating": 4, "rating_count": 82, "price_usd": null, "type": "Windows", "mode": "32/64-bit", "maximum_supported_memory": "128 GB"}, {"name": "Microsoft Windows 10 Pro (32-bit)", "rating": 0, "rating_count": 0, "price_usd": 139.99, "type": "Windows", "mode": "32-bit", "maximum_supported_memory": "4 GB"}, {"name": "Microsoft Windows 10 Pro (32/64-bit)", "rating": 4, "rating_count": 16, "price_usd": null, "type": "Windows", "mode": "32/64-bit", "maximum_supported_memory": "2048 GB"}, {"name": "Microsoft Windows 10 Home (32/64-bit)", "rating": 5, "rating_count": 1, "price_usd": null, "type": "Windows", "mode": "32/64-bit", "maximum_supported_memory": "128 GB"}, {"name": "Microsoft Windows 8.1 (64-bit)", "rating": 4, "rating_count": 578, "price_usd": null, "type": "Windows", "mode": "64-bit", "maximum_supported_memory": "128 GB"}, {"name": "Microsoft Windows 7 Ultimate SP1 (64-bit)", "rating": 4, "rating_count": 233, "price_usd": null, "type": "Windows", "mode": "64-bit", "maximum_supported_memory": "192 GB"}, {"name": "Microsoft Windows 8.1 Pro (64-bit)", "rating": 4, "rating_count": 182, "price_usd": null, "type": "Windows", "mode": "64-bit", "maximum_supported_memory": "512 GB"}, {"name": "Microsoft Windows 7 Ultimate SP1 (32-bit)", "rating": 4, "rating_count": 4, "price_usd": null, "type": "Windows", "mode": "32-bit", "maximum_supported_memory": "4 GB"}, {"name": "Microsoft Windows 8.1 Pro DE (64-bit)", "rating": 0, "rating_count": 0, "price_usd": 109.99, "type": "Windows", "mode": "64-bit", "maximum_supported_memory": "512 GB"}, {"name": "Microsoft Windows 7 Professional SP1 (64-bit)", "rating": 4, "rating_count": 298, "price_usd": null, "type": "Windows", "mode": "64-bit", "maximum_supported_memory": "192 GB"}, {"name": "Microsoft Windows 7 Home Premium SP1 (64-bit)", "rating": 4, "rating_count": 780, "price_usd": null, "type": "Windows", "mode": "64-bit", "maximum_supported_memory": "16 GB"}, {"name": "Microsoft Windows 7 Home Premium SP1 (32-bit)", "rating": 5, "rating_count": 4, "price_usd": null, "type": "Windows", "mode": "32-bit", "maximum_supported_memory": "4 GB"}, {"name": "Microsoft Windows 7 Ultimate (32/64-bit)", "rating": 4, "rating_count": 41, "price_usd": null, "type": "Windows", "mode": "32/64-bit", "maximum_supported_memory": "192 GB"}, {"name": "Microsoft Windows 7 Home Premium SP1 (64-bit)", "rating": 4, "rating_count": 6, "price_usd": null, "type": "Windows", "mode": "64-bit", "maximum_supported_memory": "16 GB"}, {"name": "Microsoft Windows 8 (32-bit)", "rating": 3, "rating_count": 1, "price_usd": null, "type": "Windows", "mode": "32-bit", "maximum_supported_memory": "4 GB"}, {"name": "Microsoft Windows 8.1 Pro (64-bit)", "rating": 4, "rating_count": 157, "price_usd": null, "type": "Windows", "mode": "64-bit", "maximum_supported_memory": "512 GB"}, {"name": "Microsoft Windows 7 Home Premium SP1 (32-bit)", "rating": 0, "rating_count": 0, "price_usd": null, "type": "Windows", "mode": "32-bit", "maximum_supported_memory": "4 GB"}, {"name": "Microsoft Windows 7 Professional SP1 (32-bit)", "rating": 0, "rating_count": 0, "price_usd": null, "type": "Windows", "mode": "32-bit", "maximum_supported_memory": "4 GB"}, {"name": "Microsoft Windows 8 (64-bit)", "rating": 4, "rating_count": 20, "price_usd": null, "type": "Windows", "mode": "64-bit", "maximum_supported_memory": "128 GB"}, {"name": "Microsoft Windows 8.1 (32/64-bit)", "rating": 4, "rating_count": 115, "price_usd": null, "type": "Windows", "mode": "32/64-bit", "maximum_supported_memory": "128 GB"}, {"name": "Microsoft Windows 7 Ultimate (64-bit)", "rating": 4, "rating_count": 3, "price_usd": null, "type": "Windows", "mode": "64-bit", "maximum_supported_memory": "192 GB"}, {"name": "Microsoft Windows 7 Professional SP1 (32-bit)", "rating": 0, "rating_count": 0, "price_usd": null, "type": "Windows", "mode": "32-bit", "maximum_supported_memory": "4 GB"}, {"name": "Microsoft Windows 7 Professional SP1 (64-bit)", "rating": 5, "rating_count": 3, "price_usd": null, "type": "Windows", "mode": "64-bit", "maximum_supported_memory": "192 GB"}, {"name": "Microsoft Windows 7 Ultimate SP1 (64-bit)", "rating": 5, "rating_count": 3, "price_usd": null, "type": "Windows", "mode": "64-bit", "maximum_supported_memory": "192 GB"}, {"name": "Microsoft Windows 8 Pro (32-bit)", "rating": 3, "rating_count": 1, "price_usd": null, "type": "Windows", "mode": "32-bit", "maximum_supported_memory": "4 GB"}, {"name": "Microsoft Windows 7 Professional SP1 (32-bit)", "rating": 0, "rating_count": 0, "price_usd": null, "type": "Windows", "mode": "32-bit", "maximum_supported_memory": "4 GB"}, {"name": "Microsoft Windows 7 Home Premium SP1 (64-bit)", "rating": 0, "rating_count": 0, "price_usd": null, "type": "Windows", "mode": "64-bit", "maximum_supported_memory": "16 GB"}, {"name": "Microsoft Windows 7 Ultimate SP1 (32-bit)", "rating": 0, "rating_count": 0, "price_usd": null, "type": "Windows", "mode": "32-bit", "maximum_supported_memory": "4 GB"}, {"name": "Microsoft Windows 7 Pro SP1 DE (64-bit)", "rating": 0, "rating_count": 0, "price_usd": null, "type": "Windows", "mode": "64-bit", "maximum_supported_memory": "192 GB"}, {"name": "Microsoft Windows 8.1 DE (64-bit)", "rating": 0, "rating_count": 0, "price_usd": null, "type": "Windows", "mode": "64-bit", "maximum_supported_memory": "128 GB"}, {"name": "Microsoft Windows 8.1 Pro (32/64-bit)", "rating": 4, "rating_count": 93, "price_usd": null, "type": "Windows", "mode": "32/64-bit", "maximum_supported_memory": "512 GB"}, {"name": "Microsoft Windows 8.1 (32-bit)", "rating": 0, "rating_count": 0, "price_usd": null, "type": "Windows", "mode": "32-bit", "maximum_supported_memory": "4 GB"}, {"name": "Microsoft Windows 8.1 (32-bit)", "rating": 0, "rating_count": 0, "price_usd": null, "type": "Windows", "mode": "32-bit", "maximum_supported_memory": "4 GB"}, {"name": "Microsoft Windows 8.1 (64-bit)", "rating": 4, "rating_count": 161, "price_usd": null, "type": "Windows", "mode": "64-bit", "maximum_supported_memory": "128 GB"}, {"name": "Microsoft Windows 8.1 Pro (32-bit)", "rating": 0, "rating_count": 0, "price_usd": null, "type": "Windows", "mode": "32-bit", "maximum_supported_memory": "4 GB"}, {"name": "Microsoft Windows 7 Pro SP1 DE (64-bit)", "rating": 5, "rating_count": 1, "price_usd": null, "type": "Windows", "mode": "64-bit", "maximum_supported_memory": "192 GB"}, {"name": "Microsoft Windows 8 (64-bit)", "rating": 4, "rating_count": 184, "price_usd": null, "type": "Windows", "mode": "64-bit", "maximum_supported_memory": "128 GB"}, {"name": "Microsoft Windows 8 Pro (64-bit)", "rating": 4, "rating_count": 106, "price_usd": null, "type": "Windows", "mode": "64-bit", "maximum_supported_memory": "512 GB"}, {"name": "Microsoft Windows 8 (32-bit)", "rating": 0, "rating_count": 0, "price_usd": null, "type": "Windows", "mode": "32-bit", "maximum_supported_memory": "4 GB"}, {"name": "Microsoft Windows 8.1 Pro (32-bit)", "rating": 0, "rating_count": 0, "price_usd": null, "type": "Windows", "mode": "32-bit", "maximum_supported_memory": "4 GB"}, {"name": "Microsoft Windows 8 Pro DE (64-bit)", "rating": 0, "rating_count": 0, "price_usd": null, "type": "Windows", "mode": "64-bit", "maximum_supported_memory": "512 GB"}, {"name": "Microsoft Windows 8 Pro (64-bit)", "rating": 4, "rating_count": 25, "price_usd": null, "type": "Windows", "mode": "64-bit", "maximum_supported_memory": "512 GB"}, {"name": "Microsoft Windows 8 Pro (32-bit)", "rating": 0, "rating_count": 0, "price_usd": null, "type": "Windows", "mode": "32-bit", "maximum_supported_memory": "4 GB"}]