[{"name": "McAfee AntiVirus 2019 (1 Year Subscription)", "rating": 0, "rating_count": 0, "price_usd": 12.99, "type": "Antivirus", "media_type": "Download"}, {"name": "Microsoft Office Home & Student 2019 - 1 Device", "rating": 5, "rating_count": 1, "price_usd": 119.99, "type": "Office & Productivity", "media_type": "Product Key Card"}, {"name": "Microsoft Office 365 Personal (1 Year Subscription) - 1 User", "rating": 0, "rating_count": 0, "price_usd": 55.0, "type": "Office & Productivity", "media_type": "Product Key Card"}, {"name": "NordVPN Internet Privacy (2 Year Subscription)", "rating": 0, "rating_count": 0, "price_usd": null, "type": "Internet Security", "media_type": "Download"}, {"name": "Bitdefender Antivirus Plus 2019 (2 Year Subscription) - 3 PC", "rating": 5, "rating_count": 2, "price_usd": null, "type": "Antivirus", "media_type": "Product Key Card"}, {"name": "Malwarebytes Malwarebytes Premium (1 Year Subscription) - 3 Devicess", "rating": 0, "rating_count": 0, "price_usd": 34.99, "type": "Antivirus", "media_type": "Product Key Card"}, {"name": "McAfee McAfee AntiVirus (1 Year Subscription) - 1 PC", "rating": 0, "rating_count": 0, "price_usd": 12.99, "type": "Antivirus", "media_type": "Product Key Card"}, {"name": "Microsoft Office 365 Home (1 Year Subscription)", "rating": 0, "rating_count": 0, "price_usd": 99.99, "type": "Office & Productivity", "media_type": "Download"}, {"name": "Acronis True Image 2019", "rating": 5, "rating_count": 2, "price_usd": 49.99, "type": "Backup", "media_type": "Product Key Card"}, {"name": "Adobe Acrobat Pro DC for Windows & Mac (1 Year Subscription)", "rating": 0, "rating_count": 0, "price_usd": 178.88, "type": "Office & Productivity", "media_type": "Download"}, {"name": "Microsoft Office 365 Business Premium (1 Year Subscription) - 5 Devices", "rating": 0, "rating_count": 0, "price_usd": null, "type": "Office & Productivity", "media_type": "Product Key Card"}, {"name": "Adobe Photoshop & Premiere Elements 2019", "rating": 0, "rating_count": 0, "price_usd": null, "type": "Design & Illustration", "media_type": "Download"}, {"name": "Microsoft Project Professional 2019", "rating": 0, "rating_count": 0, "price_usd": 499.95, "type": "Office & Productivity", "media_type": "Product Key Card"}, {"name": "Malwarebytes Anti-Malware 3.0 Premium (1 Year Subscription) - 3 PCs", "rating": 0, "rating_count": 0, "price_usd": 23.99, "type": "Antivirus", "media_type": "Download"}, {"name": "Microsoft Office Home & Business 2019 - 1 Device", "rating": 0, "rating_count": 0, "price_usd": 229.99, "type": "Office & Productivity", "media_type": "Product Key Card"}, {"name": "Symantec Norton Security Standard (1 Year Subscription)", "rating": 4, "rating_count": 2, "price_usd": 69.98, "type": "Internet Security", "media_type": "CD/DVD"}, {"name": "Microsoft Office Home & Student 2019", "rating": 5, "rating_count": 1, "price_usd": null, "type": "Office & Productivity", "media_type": "Product Key Card"}, {"name": "Adobe Photoshop Elements 2019", "rating": 0, "rating_count": 0, "price_usd": null, "type": "Design & Illustration", "media_type": "Download"}, {"name": "McAfee LiveSafe 2019", "rating": 0, "rating_count": 0, "price_usd": 109.99, "type": "Internet Security", "media_type": "Download"}, {"name": "McAfee Total Protection 2019 (1 Year Subscription) - 5 Devices", "rating": 0, "rating_count": 0, "price_usd": null, "type": "Internet Security", "media_type": "Download"}, {"name": "Symantec Norton 360 Deluxe (1 Year Subscription) - 3 Devices", "rating": 0, "rating_count": 0, "price_usd": null, "type": "Internet Security", "media_type": "Product Key Card"}, {"name": "Symantec Norton 360 Deluxe (1 Year Subscription) - 5 Devices", "rating": 3, "rating_count": 2, "price_usd": 79.99, "type": "Internet Security", "media_type": "Product Key Card"}, {"name": "Magix Movie Edit Pro Premium 2020", "rating": 0, "rating_count": 0, "price_usd": 129.0, "type": "Audio & Video", "media_type": "Download"}, {"name": "Malwarebytes Malwarebytes Premium (1 Year Subscription) - 10 Devices", "rating": 0, "rating_count": 0, "price_usd": 89.99, "type": "Antivirus", "media_type": "Product Key Card"}, {"name": "Adobe Adobe Acrobat Standard 2020", "rating": 0, "rating_count": 0, "price_usd": 299.0, "type": "Office & Productivity", "media_type": "CD/DVD"}, {"name": "Microsoft 365 Personal (1 Year Subscription) - 1 User", "rating": 0, "rating_count": 0, "price_usd": 40.34, "type": "Office & Productivity", "media_type": "Product Key Card"}, {"name": "Microsoft Office Home & Business 2019 - 1 Device", "rating": 0, "rating_count": 0, "price_usd": 225.98, "type": "Office & Productivity", "media_type": "Product Key Card"}, {"name": "McAfee Internet Security 2019 (1 Year Subscription) - 3 Devices", "rating": 0, "rating_count": 0, "price_usd": 24.99, "type": "Internet Security", "media_type": "Download"}, {"name": "Microsoft Project Standard 2019", "rating": 0, "rating_count": 0, "price_usd": 599.99, "type": "Office & Productivity", "media_type": "Product Key Card"}, {"name": "Microsoft Office 365 Personal (1 Year Subscription)", "rating": 5, "rating_count": 1, "price_usd": 69.98, "type": "Office & Productivity", "media_type": "Product Key Card"}, {"name": "Microsoft Office 365 Home (1 Year Subscription)", "rating": 0, "rating_count": 0, "price_usd": null, "type": "Office & Productivity", "media_type": "Product Key Card"}, {"name": "Microsoft Office 365 Personal (1 Year Subscription)", "rating": 3, "rating_count": 1, "price_usd": null, "type": "Office & Productivity", "media_type": "Product Key Card"}, {"name": "Microsoft Office Home and Business 2013", "rating": 0, "rating_count": 0, "price_usd": null, "type": "Office & Productivity", "media_type": "Product Key Card"}, {"name": "Microsoft Office Home and Student 2016", "rating": 0, "rating_count": 0, "price_usd": null, "type": "Office & Productivity", "media_type": "Download"}, {"name": "Microsoft Office 365 Personal (1 Year Subscription)", "rating": 0, "rating_count": 0, "price_usd": 69.99, "type": "Office & Productivity", "media_type": "Download"}, {"name": "Paragon Backup & Recovery 15 Home - 3 PC", "rating": 0, "rating_count": 0, "price_usd": null, "type": "Backup", "media_type": "Download"}, {"name": "Paragon Backup & Recovery 15 Home", "rating": 0, "rating_count": 0, "price_usd": null, "type": "Backup", "media_type": "Download"}, {"name": "Cyberlink PowerDVD 15 Ultra", "rating": 0, "rating_count": 0, "price_usd": null, "type": "Audio & Video", "media_type": "Download"}, {"name": "Cyberlink PowerDVD 15 Ultra", "rating": 0, "rating_count": 0, "price_usd": null, "type": "Audio & Video", "media_type": "CD/DVD"}, {"name": "Corel Paintshop Pro X8 Ultimate", "rating": 0, "rating_count": 0, "price_usd": null, "type": "Photography", "media_type": "CD/DVD"}, {"name": "Corel Paintshop Pro X8", "rating": 0, "rating_count": 0, "price_usd": null, "type": "Photography", "media_type": "CD/DVD"}, {"name": "Corel PaintShop Pro X8", "rating": 0, "rating_count": 0, "price_usd": null, "type": "Photography", "media_type": "Download"}, {"name": "Corel PaintShop Pro X8 Ultimate", "rating": 0, "rating_count": 0, "price_usd": null, "type": "Photography", "media_type": "Download"}, {"name": "Corel Painter Essentials 5", "rating": 0, "rating_count": 0, "price_usd": null, "type": "Design & Illustration", "media_type": "CD/DVD"}, {"name": "Corel Painter Essentials 5", "rating": 0, "rating_count": 0, "price_usd": null, "type": "Design & Illustration", "media_type": "Download"}, {"name": "Symantec Norton Security Deluxe (1 Year Subscription) - 5 Device", "rating": 4, "rating_count": 2, "price_usd": null, "type": "Internet Security", "media_type": "CD/DVD"}, {"name": "Symantec Norton Security Standard (1 Year Subscription)", "rating": 4, "rating_count": 1, "price_usd": null, "type": "Internet Security", "media_type": "Download"}, {"name": "Microsoft Office Home for Student 2016 (Mac)", "rating": 0, "rating_count": 0, "price_usd": null, "type": "Office & Productivity", "media_type": "Product Key Card"}, {"name": "Pinnacle Studio 19 Plus", "rating": 0, "rating_count": 0, "price_usd": null, "type": "Audio & Video", "media_type": "CD/DVD"}, {"name": "Pinnacle Studio 19 Standard", "rating": 0, "rating_count": 0, "price_usd": null, "type": "Audio & Video", "media_type": "CD/DVD"}, {"name": "Pinnacle Studio 19 Ultimate", "rating": 0, "rating_count": 0, "price_usd": null, "type": "Audio & Video", "media_type": "CD/DVD"}, {"name": "ESET Multi-Device Security (1 Year Subscription) - 3 PCs", "rating": 0, "rating_count": 0, "price_usd": 64.99, "type": "Internet Security", "media_type": "Download"}, {"name": "Image Line FL Studio 12 Producer Edition", "rating": 0, "rating_count": 0, "price_usd": null, "type": "Audio & Video", "media_type": "CD/DVD"}, {"name": "Corel Video Studio Pro X8", "rating": 0, "rating_count": 0, "price_usd": null, "type": "Audio & Video", "media_type": "Download"}, {"name": "Corel Video Studio Ultimate X8", "rating": 0, "rating_count": 0, "price_usd": null, "type": "Audio & Video", "media_type": "Download"}, {"name": "Corel VideoStudio Pro X8", "rating": 0, "rating_count": 0, "price_usd": null, "type": "Audio & Video", "media_type": "CD/DVD"}, {"name": "Corel VideoStudio Ultimate X8", "rating": 0, "rating_count": 0, "price_usd": null, "type": "Audio & Video", "media_type": "CD/DVD"}, {"name": "Cyberlink PowerDirector 14 Ultra", "rating": 0, "rating_count": 0, "price_usd": null, "type": "Audio & Video", "media_type": "Download"}, {"name": "Cyberlink PowerDirector 14 Ultra", "rating": 0, "rating_count": 0, "price_usd": null, "type": "Audio & Video", "media_type": "CD/DVD"}, {"name": "Cyberlink PowerDirector 14 Ultimate Suite", "rating": 0, "rating_count": 0, "price_usd": null, "type": "Audio & Video", "media_type": "Download"}, {"name": "Cyberlink PowerDirector 14 Ultimate Suite", "rating": 0, "rating_count": 0, "price_usd": null, "type": "Audio & Video", "media_type": "CD/DVD"}, {"name": "Cyberlink PowerDirector 14 Ultimate", "rating": 0, "rating_count": 0, "price_usd": null, "type": "Audio & Video", "media_type": "Download"}, {"name": "Cyberlink PowerDirector 14 Deluxe", "rating": 0, "rating_count": 0, "price_usd": null, "type": "Audio & Video", "media_type": "Download"}, {"name": "Cyberlink PowerDirector 14 Ultimate", "rating": 0, "rating_count": 0, "price_usd": null, "type": "Audio & Video", "media_type": "CD/DVD"}, {"name": "Adobe Photoshop Lightroom 6", "rating": 0, "rating_count": 0, "price_usd": null, "type": "Photography", "media_type": "CD/DVD"}, {"name": "Piriform Piriform CCleaner Professional One (1 Household / Unlimited PCs - 5 Users)", "rating": 0, "rating_count": 0, "price_usd": null, "type": "Utilities", "media_type": "Download"}, {"name": "Piriform CCleaner Professional (1 Household / Unlimited PCs)", "rating": 0, "rating_count": 0, "price_usd": null, "type": "Utilities", "media_type": "Download"}, {"name": "Piriform CCleaner Professional (1 PC, 5 Users)", "rating": 0, "rating_count": 0, "price_usd": null, "type": "Utilities", "media_type": "Download"}, {"name": "Piriform CCleaner Professional", "rating": 5, "rating_count": 1, "price_usd": null, "type": "Utilities", "media_type": "Download"}, {"name": "Acronis True Image 2019 - 3 PCs", "rating": 0, "rating_count": 0, "price_usd": null, "type": "Backup", "media_type": "Product Key Card"}, {"name": "Acronis Acronis True Image 2019 - 5 PCs", "rating": 0, "rating_count": 0, "price_usd": null, "type": "Backup", "media_type": "Product Key Card"}, {"name": "Paragon Hard Disk Manager 15 Business", "rating": 0, "rating_count": 0, "price_usd": null, "type": "Backup", "media_type": "Download"}, {"name": "Paragon Hard Disk Manager 15 Professional", "rating": 0, "rating_count": 0, "price_usd": null, "type": "Backup", "media_type": "Download"}, {"name": "Paragon Hard Disk Manager 15 Suite", "rating": 0, "rating_count": 0, "price_usd": null, "type": "Backup", "media_type": "Download"}, {"name": "Corel PaintShop Pro 2018", "rating": 0, "rating_count": 0, "price_usd": null, "type": "Photography", "media_type": "Download"}, {"name": "Corel PaintShop Pro 2019 Ultimate", "rating": 0, "rating_count": 0, "price_usd": null, "type": "Photography", "media_type": "CD/DVD"}, {"name": "Corel Paint Shop Pro 2019", "rating": 0, "rating_count": 0, "price_usd": null, "type": "Photography", "media_type": "CD/DVD"}, {"name": "Microsoft Office 365 Home (1 Year Subscription) - 6 Users", "rating": 5, "rating_count": 2, "price_usd": null, "type": "Office & Productivity", "media_type": "Product Key Card"}, {"name": "Parallels Desktop 14 Pro Edition (1 Year Subscription)", "rating": 0, "rating_count": 0, "price_usd": null, "type": "Office & Productivity", "media_type": "Product Key Card"}, {"name": "Parallels Desktop 14 Standard (1 Year Subscription)", "rating": 0, "rating_count": 0, "price_usd": null, "type": "Office & Productivity", "media_type": "Product Key Card"}, {"name": "Bitdefender Family Pack 2019 (2 Year Subscription) - Unlimited Devices", "rating": 5, "rating_count": 1, "price_usd": null, "type": "Antivirus", "media_type": "Product Key Card"}, {"name": "AVG Ultimate 2019 (1 Year Subscription)", "rating": 0, "rating_count": 0, "price_usd": null, "type": "Internet Security", "media_type": "Product Key Card"}, {"name": "AVG Ultimate 2019 (2 Year Subscription)", "rating": 0, "rating_count": 0, "price_usd": null, "type": "Internet Security", "media_type": "Product Key Card"}, {"name": "Cyberlink PowerDirector 17 Ultimate", "rating": 0, "rating_count": 0, "price_usd": null, "type": "Audio & Video", "media_type": "CD/DVD"}, {"name": "Cyberlink PowerDirector 17 Ultra", "rating": 0, "rating_count": 0, "price_usd": null, "type": "Audio & Video", "media_type": "CD/DVD"}, {"name": "Cyberlink PowerDirector 17 Ultimate", "rating": 5, "rating_count": 1, "price_usd": null, "type": "Audio & Video", "media_type": "Download"}, {"name": "Cyberlink PowerDirector 17 Ultra", "rating": 0, "rating_count": 0, "price_usd": null, "type": "Audio & Video", "media_type": "Download"}, {"name": "Cyberlink Director Suite 365 (1 Year Subscription)", "rating": 0, "rating_count": 0, "price_usd": 109.99, "type": "Audio & Video", "media_type": "Product Key Card"}, {"name": "ESET Smart Security Premium (1 Year Subscription)", "rating": 0, "rating_count": 0, "price_usd": null, "type": "Internet Security", "media_type": "Download"}, {"name": "ESET NOD32 Antivirus 2019 (1 Year Subscription) - 3 PCs", "rating": 0, "rating_count": 0, "price_usd": null, "type": "Antivirus", "media_type": "Download"}, {"name": "ESET NOD32 Antivirus 2019 (1 Year Subscription) - 3 PCs", "rating": 0, "rating_count": 0, "price_usd": null, "type": "Antivirus", "media_type": "Product Key Card"}, {"name": "ESET NOD32 Antivirus 2019 (1 Year Subscription) - 5 PCs", "rating": 0, "rating_count": 0, "price_usd": null, "type": "Antivirus", "media_type": "Product Key Card"}, {"name": "Laplink PCmover Express v11", "rating": 0, "rating_count": 0, "price_usd": 29.95, "type": "Backup", "media_type": "Download"}, {"name": "Laplink PCmover Professional v11", "rating": 0, "rating_count": 0, "price_usd": 29.95, "type": "Backup", "media_type": "Download"}, {"name": "Laplink PCmover Express v11 (2 Uses)", "rating": 0, "rating_count": 0, "price_usd": 49.95, "type": "Backup", "media_type": "Download"}, {"name": "Laplink PCmover Professional v11 (2 Uses)", "rating": 0, "rating_count": 0, "price_usd": 69.95, "type": "Backup", "media_type": "Download"}, {"name": "Laplink PCmover Ultimate v11", "rating": 0, "rating_count": 0, "price_usd": 39.99, "type": "Backup", "media_type": "CD/DVD"}, {"name": "Adobe Acrobat Standard 2017", "rating": 0, "rating_count": 0, "price_usd": null, "type": "Office & Productivity", "media_type": "Download"}, {"name": "Adobe Acrobat Pro 2017 for Mac", "rating": 0, "rating_count": 0, "price_usd": null, "type": "Office & Productivity", "media_type": "CD/DVD"}, {"name": "Adobe Acrobat Pro 2017", "rating": 0, "rating_count": 0, "price_usd": null, "type": "Office & Productivity", "media_type": "Download"}, {"name": "McAfee AntiVirus 2019 (1 Year Subscription)", "rating": 0, "rating_count": 0, "price_usd": 12.99, "type": "Antivirus", "media_type": "Download"}, {"name": "Microsoft Office Home & Student 2019 - 1 Device", "rating": 5, "rating_count": 1, "price_usd": 119.99, "type": "Office & Productivity", "media_type": "Product Key Card"}, {"name": "Microsoft Office 365 Personal (1 Year Subscription) - 1 User", "rating": 0, "rating_count": 0, "price_usd": 55.0, "type": "Office & Productivity", "media_type": "Product Key Card"}, {"name": "NordVPN Internet Privacy (2 Year Subscription)", "rating": 0, "rating_count": 0, "price_usd": null, "type": "Internet Security", "media_type": "Download"}, {"name": "Bitdefender Antivirus Plus 2019 (2 Year Subscription) - 3 PC", "rating": 5, "rating_count": 2, "price_usd": null, "type": "Antivirus", "media_type": "Product Key Card"}, {"name": "Malwarebytes Malwarebytes Premium (1 Year Subscription) - 3 Devicess", "rating": 0, "rating_count": 0, "price_usd": 34.99, "type": "Antivirus", "media_type": "Product Key Card"}, {"name": "McAfee McAfee AntiVirus (1 Year Subscription) - 1 PC", "rating": 0, "rating_count": 0, "price_usd": 12.99, "type": "Antivirus", "media_type": "Product Key Card"}, {"name": "Microsoft Office 365 Home (1 Year Subscription)", "rating": 0, "rating_count": 0, "price_usd": 99.99, "type": "Office & Productivity", "media_type": "Download"}, {"name": "Acronis True Image 2019", "rating": 5, "rating_count": 2, "price_usd": 49.99, "type": "Backup", "media_type": "Product Key Card"}, {"name": "Adobe Acrobat Pro DC for Windows & Mac (1 Year Subscription)", "rating": 0, "rating_count": 0, "price_usd": 178.88, "type": "Office & Productivity", "media_type": "Download"}, {"name": "Microsoft Office 365 Business Premium (1 Year Subscription) - 5 Devices", "rating": 0, "rating_count": 0, "price_usd": null, "type": "Office & Productivity", "media_type": "Product Key Card"}, {"name": "Adobe Photoshop & Premiere Elements 2019", "rating": 0, "rating_count": 0, "price_usd": null, "type": "Design & Illustration", "media_type": "Download"}, {"name": "Microsoft Project Professional 2019", "rating": 0, "rating_count": 0, "price_usd": 499.95, "type": "Office & Productivity", "media_type": "Product Key Card"}, {"name": "Malwarebytes Anti-Malware 3.0 Premium (1 Year Subscription) - 3 PCs", "rating": 0, "rating_count": 0, "price_usd": 23.99, "type": "Antivirus", "media_type": "Download"}, {"name": "Microsoft Office Home & Business 2019 - 1 Device", "rating": 0, "rating_count": 0, "price_usd": 229.99, "type": "Office & Productivity", "media_type": "Product Key Card"}, {"name": "Symantec Norton Security Standard (1 Year Subscription)", "rating": 4, "rating_count": 2, "price_usd": 69.98, "type": "Internet Security", "media_type": "CD/DVD"}, {"name": "Microsoft Office Home & Student 2019", "rating": 5, "rating_count": 1, "price_usd": null, "type": "Office & Productivity", "media_type": "Product Key Card"}, {"name": "Adobe Photoshop Elements 2019", "rating": 0, "rating_count": 0, "price_usd": null, "type": "Design & Illustration", "media_type": "Download"}, {"name": "McAfee LiveSafe 2019", "rating": 0, "rating_count": 0, "price_usd": 109.99, "type": "Internet Security", "media_type": "Download"}, {"name": "McAfee Total Protection 2019 (1 Year Subscription) - 5 Devices", "rating": 0, "rating_count": 0, "price_usd": null, "type": "Internet Security", "media_type": "Download"}, {"name": "Symantec Norton 360 Deluxe (1 Year Subscription) - 3 Devices", "rating": 0, "rating_count": 0, "price_usd": null, "type": "Internet Security", "media_type": "Product Key Card"}, {"name": "Symantec Norton 360 Deluxe (1 Year Subscription) - 5 Devices", "rating": 3, "rating_count": 2, "price_usd": 79.99, "type": "Internet Security", "media_type": "Product Key Card"}, {"name": "Magix Movie Edit Pro Premium 2020", "rating": 0, "rating_count": 0, "price_usd": 129.0, "type": "Audio & Video", "media_type": "Download"}, {"name": "Malwarebytes Malwarebytes Premium (1 Year Subscription) - 10 Devices", "rating": 0, "rating_count": 0, "price_usd": 89.99, "type": "Antivirus", "media_type": "Product Key Card"}, {"name": "Adobe Adobe Acrobat Standard 2020", "rating": 0, "rating_count": 0, "price_usd": 299.0, "type": "Office & Productivity", "media_type": "CD/DVD"}, {"name": "Microsoft 365 Personal (1 Year Subscription) - 1 User", "rating": 0, "rating_count": 0, "price_usd": 40.34, "type": "Office & Productivity", "media_type": "Product Key Card"}, {"name": "Microsoft Office Home & Business 2019 - 1 Device", "rating": 0, "rating_count": 0, "price_usd": 225.98, "type": "Office & Productivity", "media_type": "Product Key Card"}, {"name": "McAfee Internet Security 2019 (1 Year Subscription) - 3 Devices", "rating": 0, "rating_count": 0, "price_usd": 24.99, "type": "Internet Security", "media_type": "Download"}, {"name": "Microsoft Project Standard 2019", "rating": 0, "rating_count": 0, "price_usd": 599.99, "type": "Office & Productivity", "media_type": "Product Key Card"}, {"name": "Microsoft Office 365 Personal (1 Year Subscription)", "rating": 5, "rating_count": 1, "price_usd": 69.98, "type": "Office & Productivity", "media_type": "Product Key Card"}, {"name": "Microsoft Office 365 Home (1 Year Subscription)", "rating": 0, "rating_count": 0, "price_usd": null, "type": "Office & Productivity", "media_type": "Product Key Card"}, {"name": "Microsoft Office 365 Personal (1 Year Subscription)", "rating": 3, "rating_count": 1, "price_usd": null, "type": "Office & Productivity", "media_type": "Product Key Card"}, {"name": "Microsoft Office Home and Business 2013", "rating": 0, "rating_count": 0, "price_usd": null, "type": "Office & Productivity", "media_type": "Product Key Card"}, {"name": "Microsoft Office Home and Student 2016", "rating": 0, "rating_count": 0, "price_usd": null, "type": "Office & Productivity", "media_type": "Download"}, {"name": "Microsoft Office 365 Personal (1 Year Subscription)", "rating": 0, "rating_count": 0, "price_usd": 69.99, "type": "Office & Productivity", "media_type": "Download"}, {"name": "Paragon Backup & Recovery 15 Home - 3 PC", "rating": 0, "rating_count": 0, "price_usd": null, "type": "Backup", "media_type": "Download"}, {"name": "Paragon Backup & Recovery 15 Home", "rating": 0, "rating_count": 0, "price_usd": null, "type": "Backup", "media_type": "Download"}, {"name": "Cyberlink PowerDVD 15 Ultra", "rating": 0, "rating_count": 0, "price_usd": null, "type": "Audio & Video", "media_type": "Download"}, {"name": "Cyberlink PowerDVD 15 Ultra", "rating": 0, "rating_count": 0, "price_usd": null, "type": "Audio & Video", "media_type": "CD/DVD"}, {"name": "Corel Paintshop Pro X8 Ultimate", "rating": 0, "rating_count": 0, "price_usd": null, "type": "Photography", "media_type": "CD/DVD"}, {"name": "Corel Paintshop Pro X8", "rating": 0, "rating_count": 0, "price_usd": null, "type": "Photography", "media_type": "CD/DVD"}, {"name": "Corel PaintShop Pro X8", "rating": 0, "rating_count": 0, "price_usd": null, "type": "Photography", "media_type": "Download"}, {"name": "Corel PaintShop Pro X8 Ultimate", "rating": 0, "rating_count": 0, "price_usd": null, "type": "Photography", "media_type": "Download"}, {"name": "Corel Painter Essentials 5", "rating": 0, "rating_count": 0, "price_usd": null, "type": "Design & Illustration", "media_type": "CD/DVD"}, {"name": "Corel Painter Essentials 5", "rating": 0, "rating_count": 0, "price_usd": null, "type": "Design & Illustration", "media_type": "Download"}, {"name": "Symantec Norton Security Deluxe (1 Year Subscription) - 5 Device", "rating": 4, "rating_count": 2, "price_usd": null, "type": "Internet Security", "media_type": "CD/DVD"}, {"name": "Symantec Norton Security Standard (1 Year Subscription)", "rating": 4, "rating_count": 1, "price_usd": null, "type": "Internet Security", "media_type": "Download"}, {"name": "Microsoft Office Home for Student 2016 (Mac)", "rating": 0, "rating_count": 0, "price_usd": null, "type": "Office & Productivity", "media_type": "Product Key Card"}, {"name": "Pinnacle Studio 19 Plus", "rating": 0, "rating_count": 0, "price_usd": null, "type": "Audio & Video", "media_type": "CD/DVD"}, {"name": "Pinnacle Studio 19 Standard", "rating": 0, "rating_count": 0, "price_usd": null, "type": "Audio & Video", "media_type": "CD/DVD"}, {"name": "Pinnacle Studio 19 Ultimate", "rating": 0, "rating_count": 0, "price_usd": null, "type": "Audio & Video", "media_type": "CD/DVD"}, {"name": "ESET Multi-Device Security (1 Year Subscription) - 3 PCs", "rating": 0, "rating_count": 0, "price_usd": 64.99, "type": "Internet Security", "media_type": "Download"}, {"name": "Image Line FL Studio 12 Producer Edition", "rating": 0, "rating_count": 0, "price_usd": null, "type": "Audio & Video", "media_type": "CD/DVD"}, {"name": "Corel Video Studio Pro X8", "rating": 0, "rating_count": 0, "price_usd": null, "type": "Audio & Video", "media_type": "Download"}, {"name": "Corel Video Studio Ultimate X8", "rating": 0, "rating_count": 0, "price_usd": null, "type": "Audio & Video", "media_type": "Download"}, {"name": "Corel VideoStudio Pro X8", "rating": 0, "rating_count": 0, "price_usd": null, "type": "Audio & Video", "media_type": "CD/DVD"}, {"name": "Corel VideoStudio Ultimate X8", "rating": 0, "rating_count": 0, "price_usd": null, "type": "Audio & Video", "media_type": "CD/DVD"}, {"name": "Cyberlink PowerDirector 14 Ultra", "rating": 0, "rating_count": 0, "price_usd": null, "type": "Audio & Video", "media_type": "Download"}, {"name": "Cyberlink PowerDirector 14 Ultra", "rating": 0, "rating_count": 0, "price_usd": null, "type": "Audio & Video", "media_type": "CD/DVD"}, {"name": "Cyberlink PowerDirector 14 Ultimate Suite", "rating": 0, "rating_count": 0, "price_usd": null, "type": "Audio & Video", "media_type": "Download"}, {"name": "Cyberlink PowerDirector 14 Ultimate Suite", "rating": 0, "rating_count": 0, "price_usd": null, "type": "Audio & Video", "media_type": "CD/DVD"}, {"name": "Cyberlink PowerDirector 14 Ultimate", "rating": 0, "rating_count": 0, "price_usd": null, "type": "Audio & Video", "media_type": "Download"}, {"name": "Cyberlink PowerDirector 14 Deluxe", "rating": 0, "rating_count": 0, "price_usd": null, "type": "Audio & Video", "media_type": "Download"}, {"name": "Cyberlink PowerDirector 14 Ultimate", "rating": 0, "rating_count": 0, "price_usd": null, "type": "Audio & Video", "media_type": "CD/DVD"}, {"name": "Adobe Photoshop Lightroom 6", "rating": 0, "rating_count": 0, "price_usd": null, "type": "Photography", "media_type": "CD/DVD"}, {"name": "Piriform Piriform CCleaner Professional One (1 Household / Unlimited PCs - 5 Users)", "rating": 0, "rating_count": 0, "price_usd": null, "type": "Utilities", "media_type": "Download"}, {"name": "Piriform CCleaner Professional (1 Household / Unlimited PCs)", "rating": 0, "rating_count": 0, "price_usd": null, "type": "Utilities", "media_type": "Download"}, {"name": "Piriform CCleaner Professional (1 PC, 5 Users)", "rating": 0, "rating_count": 0, "price_usd": null, "type": "Utilities", "media_type": "Download"}, {"name": "Piriform CCleaner Professional", "rating": 5, "rating_count": 1, "price_usd": null, "type": "Utilities", "media_type": "Download"}, {"name": "Acronis True Image 2019 - 3 PCs", "rating": 0, "rating_count": 0, "price_usd": null, "type": "Backup", "media_type": "Product Key Card"}, {"name": "Acronis Acronis True Image 2019 - 5 PCs", "rating": 0, "rating_count": 0, "price_usd": null, "type": "Backup", "media_type": "Product Key Card"}, {"name": "Paragon Hard Disk Manager 15 Business", "rating": 0, "rating_count": 0, "price_usd": null, "type": "Backup", "media_type": "Download"}, {"name": "Paragon Hard Disk Manager 15 Professional", "rating": 0, "rating_count": 0, "price_usd": null, "type": "Backup", "media_type": "Download"}, {"name": "Paragon Hard Disk Manager 15 Suite", "rating": 0, "rating_count": 0, "price_usd": null, "type": "Backup", "media_type": "Download"}, {"name": "Corel PaintShop Pro 2018", "rating": 0, "rating_count": 0, "price_usd": null, "type": "Photography", "media_type": "Download"}, {"name": "Corel PaintShop Pro 2019 Ultimate", "rating": 0, "rating_count": 0, "price_usd": null, "type": "Photography", "media_type": "CD/DVD"}, {"name": "Corel Paint Shop Pro 2019", "rating": 0, "rating_count": 0, "price_usd": null, "type": "Photography", "media_type": "CD/DVD"}, {"name": "Microsoft Office 365 Home (1 Year Subscription) - 6 Users", "rating": 5, "rating_count": 2, "price_usd": null, "type": "Office & Productivity", "media_type": "Product Key Card"}, {"name": "Parallels Desktop 14 Pro Edition (1 Year Subscription)", "rating": 0, "rating_count": 0, "price_usd": null, "type": "Office & Productivity", "media_type": "Product Key Card"}, {"name": "Parallels Desktop 14 Standard (1 Year Subscription)", "rating": 0, "rating_count": 0, "price_usd": null, "type": "Office & Productivity", "media_type": "Product Key Card"}, {"name": "Bitdefender Family Pack 2019 (2 Year Subscription) - Unlimited Devices", "rating": 5, "rating_count": 1, "price_usd": null, "type": "Antivirus", "media_type": "Product Key Card"}, {"name": "AVG Ultimate 2019 (1 Year Subscription)", "rating": 0, "rating_count": 0, "price_usd": null, "type": "Internet Security", "media_type": "Product Key Card"}, {"name": "AVG Ultimate 2019 (2 Year Subscription)", "rating": 0, "rating_count": 0, "price_usd": null, "type": "Internet Security", "media_type": "Product Key Card"}, {"name": "Cyberlink PowerDirector 17 Ultimate", "rating": 0, "rating_count": 0, "price_usd": null, "type": "Audio & Video", "media_type": "CD/DVD"}, {"name": "Cyberlink PowerDirector 17 Ultra", "rating": 0, "rating_count": 0, "price_usd": null, "type": "Audio & Video", "media_type": "CD/DVD"}, {"name": "Cyberlink PowerDirector 17 Ultimate", "rating": 5, "rating_count": 1, "price_usd": null, "type": "Audio & Video", "media_type": "Download"}, {"name": "Cyberlink PowerDirector 17 Ultra", "rating": 0, "rating_count": 0, "price_usd": null, "type": "Audio & Video", "media_type": "Download"}, {"name": "Cyberlink Director Suite 365 (1 Year Subscription)", "rating": 0, "rating_count": 0, "price_usd": 109.99, "type": "Audio & Video", "media_type": "Product Key Card"}, {"name": "ESET Smart Security Premium (1 Year Subscription)", "rating": 0, "rating_count": 0, "price_usd": null, "type": "Internet Security", "media_type": "Download"}, {"name": "ESET NOD32 Antivirus 2019 (1 Year Subscription) - 3 PCs", "rating": 0, "rating_count": 0, "price_usd": null, "type": "Antivirus", "media_type": "Download"}, {"name": "ESET NOD32 Antivirus 2019 (1 Year Subscription) - 3 PCs", "rating": 0, "rating_count": 0, "price_usd": null, "type": "Antivirus", "media_type": "Product Key Card"}, {"name": "ESET NOD32 Antivirus 2019 (1 Year Subscription) - 5 PCs", "rating": 0, "rating_count": 0, "price_usd": null, "type": "Antivirus", "media_type": "Product Key Card"}, {"name": "Laplink PCmover Express v11", "rating": 0, "rating_count": 0, "price_usd": 29.95, "type": "Backup", "media_type": "Download"}, {"name": "Laplink PCmover Professional v11", "rating": 0, "rating_count": 0, "price_usd": 29.95, "type": "Backup", "media_type": "Download"}, {"name": "Laplink PCmover Express v11 (2 Uses)", "rating": 0, "rating_count": 0, "price_usd": 49.95, "type": "Backup", "media_type": "Download"}, {"name": "Laplink PCmover Professional v11 (2 Uses)", "rating": 0, "rating_count": 0, "price_usd": 69.95, "type": "Backup", "media_type": "Download"}, {"name": "Laplink PCmover Ultimate v11", "rating": 0, "rating_count": 0, "price_usd": 39.99, "type": "Backup", "media_type": "CD/DVD"}, {"name": "Adobe Acrobat Standard 2017", "rating": 0, "rating_count": 0, "price_usd": null, "type": "Office & Productivity", "media_type": "Download"}, {"name": "Adobe Acrobat Pro 2017 for Mac", "rating": 0, "rating_count": 0, "price_usd": null, "type": "Office & Productivity", "media_type": "CD/DVD"}, {"name": "Adobe Acrobat Pro 2017", "rating": 0, "rating_count": 0, "price_usd": null, "type": "Office & Productivity", "media_type": "Download"}]