[{"name": "CyberPower CP1500AVRLCD", "rating": 5, "rating_count": 12, "price_usd": 159.95, "capacity_(w)": "900 W", "capacity_(va)": "1500 VA"}, {"name": "APC SRT5KRMXLW-HW", "rating": 0, "rating_count": 0, "price_usd": 10867.0, "capacity_(w)": "4500 W", "capacity_(va)": "5000 VA"}, {"name": "CyberPower CP1500PFCLCD", "rating": 4, "rating_count": 8, "price_usd": 219.95, "capacity_(w)": "1000 W", "capacity_(va)": "1500 VA"}, {"name": "APC SURT20KRMXLT", "rating": 0, "rating_count": 0, "price_usd": null, "capacity_(w)": "16000 W", "capacity_(va)": "20000 VA"}, {"name": "APC SRT10KRMXLI", "rating": 0, "rating_count": 0, "price_usd": 11097.0, "capacity_(w)": "10000 W", "capacity_(va)": "10000 VA"}, {"name": "APC BX1500M", "rating": 5, "rating_count": 4, "price_usd": 164.99, "capacity_(w)": "900 W", "capacity_(va)": "1500 VA"}, {"name": "APC SRT10KXLI", "rating": 0, "rating_count": 0, "price_usd": 8588.8, "capacity_(w)": "10000 W", "capacity_(va)": "10000 VA"}, {"name": "APC BR700G", "rating": 5, "rating_count": 1, "price_usd": 116.99, "capacity_(w)": "450 W", "capacity_(va)": "700 VA"}, {"name": "CyberPower PR3000LCD", "rating": 0, "rating_count": 0, "price_usd": 1009.95, "capacity_(w)": "2700 W", "capacity_(va)": "3000 VA"}, {"name": "APC SMT1500US", "rating": 5, "rating_count": 1, "price_usd": 834.0, "capacity_(w)": "1000 W", "capacity_(va)": "1440 VA"}, {"name": "CyberPower AVRG750U", "rating": 4, "rating_count": 2, "price_usd": 89.95, "capacity_(w)": "450 W", "capacity_(va)": "750 VA"}, {"name": "CyberPower CP350SLG", "rating": 0, "rating_count": 0, "price_usd": 42.95, "capacity_(w)": "255 W", "capacity_(va)": "350 VA"}, {"name": "CyberPower PR3000LCDSL", "rating": 0, "rating_count": 0, "price_usd": 969.95, "capacity_(w)": "2700 W", "capacity_(va)": "3000 VA"}, {"name": "APC SRT10KXLT", "rating": 0, "rating_count": 0, "price_usd": 6099.0, "capacity_(w)": "10000 W", "capacity_(va)": "10000 VA"}, {"name": "APC BR1500G", "rating": 5, "rating_count": 7, "price_usd": 225.99, "capacity_(w)": "865 W", "capacity_(va)": "1500 VA"}, {"name": "CyberPower CP1350AVRLCD", "rating": 5, "rating_count": 2, "price_usd": 149.95, "capacity_(w)": "810 W", "capacity_(va)": "1350 VA"}, {"name": "CyberPower EC850LCD", "rating": 5, "rating_count": 1, "price_usd": 88.95, "capacity_(w)": "510 W", "capacity_(va)": "850 VA"}, {"name": "APC BR1500MS2", "rating": 5, "rating_count": 1, "price_usd": 219.99, "capacity_(w)": "900 W", "capacity_(va)": "1500 VA"}, {"name": "CyberPower PR2200LCD", "rating": 0, "rating_count": 0, "price_usd": 849.95, "capacity_(w)": "1980 W", "capacity_(va)": "2200 VA"}, {"name": "APC SMT2200RMI2U", "rating": 0, "rating_count": 0, "price_usd": 455.89, "capacity_(w)": "1980 W", "capacity_(va)": "2200 VA"}, {"name": "APC SRT10KRMXLT", "rating": 0, "rating_count": 0, "price_usd": 5998.99, "capacity_(w)": "10000 W", "capacity_(va)": "10000 VA"}, {"name": "CyberPower CP1000AVRLCD", "rating": 3, "rating_count": 3, "price_usd": 129.95, "capacity_(w)": "600 W", "capacity_(va)": "1000 VA"}, {"name": "CyberPower CP550SLG", "rating": 4, "rating_count": 1, "price_usd": 56.95, "capacity_(w)": "330 W", "capacity_(va)": "550 VA"}, {"name": "CyberPower CP1000PFCLCD", "rating": 4, "rating_count": 6, "price_usd": 159.96, "capacity_(w)": "600 W", "capacity_(va)": "1000 VA"}, {"name": "CyberPower CP1300EPFCLCD", "rating": 0, "rating_count": 0, "price_usd": null, "capacity_(w)": "780 W", "capacity_(va)": "1300 VA"}, {"name": "CyberPower OR2200LCDRT2U", "rating": 0, "rating_count": 0, "price_usd": 499.96, "capacity_(w)": "1320 W", "capacity_(va)": "2000 VA"}, {"name": "CyberPower ST425", "rating": 0, "rating_count": 0, "price_usd": 46.95, "capacity_(w)": "260 W", "capacity_(va)": "425 VA"}, {"name": "APC BR1000G", "rating": 4, "rating_count": 4, "price_usd": 199.0, "capacity_(w)": "600 W", "capacity_(va)": "1000 VA"}, {"name": "CyberPower OR2200LCDRTXL2U", "rating": 0, "rating_count": 0, "price_usd": 609.95, "capacity_(w)": "1650 W", "capacity_(va)": "2190 VA"}, {"name": "APC BE670M1", "rating": 0, "rating_count": 0, "price_usd": 69.99, "capacity_(w)": "360 W", "capacity_(va)": "675 VA"}, {"name": "Tripp Lite SMART1500LCDT", "rating": 5, "rating_count": 2, "price_usd": 189.81, "capacity_(w)": "900 W", "capacity_(va)": "1500 VA"}, {"name": "CyberPower CP1200AVR", "rating": 0, "rating_count": 0, "price_usd": 144.95, "capacity_(w)": "720 W", "capacity_(va)": "1200 VA"}, {"name": "CyberPower CP1350PFCLCD", "rating": 4, "rating_count": 6, "price_usd": 199.95, "capacity_(w)": "810 W", "capacity_(va)": "1350 VA"}, {"name": "APC BE550G", "rating": 4, "rating_count": 3, "price_usd": 75.11, "capacity_(w)": "330 W", "capacity_(va)": "550 VA"}, {"name": "CyberPower CP850PFCLCD", "rating": 5, "rating_count": 1, "price_usd": 179.32, "capacity_(w)": "510 W", "capacity_(va)": "850 VA"}, {"name": "CyberPower PR2200LCDSL", "rating": 0, "rating_count": 0, "price_usd": 683.9, "capacity_(w)": "1980 W", "capacity_(va)": "2070 VA"}, {"name": "APC BE850G2", "rating": 0, "rating_count": 0, "price_usd": 106.99, "capacity_(w)": "450 W", "capacity_(va)": "850 VA"}, {"name": "APC BR1500MS", "rating": 5, "rating_count": 2, "price_usd": null, "capacity_(w)": "900 W", "capacity_(va)": "1500 VA"}, {"name": "Tripp Lite SU12000RT4UHW", "rating": 0, "rating_count": 0, "price_usd": 8345.0, "capacity_(w)": "8400 W", "capacity_(va)": "12000 VA"}, {"name": "APC BN650M1", "rating": 0, "rating_count": 0, "price_usd": 81.97, "capacity_(w)": "360 W", "capacity_(va)": "650 VA"}, {"name": "CyberPower GX1500U", "rating": 0, "rating_count": 0, "price_usd": 199.99, "capacity_(w)": "900 W", "capacity_(va)": "1500 VA"}, {"name": "APC SMX3000RMHV2UNC", "rating": 0, "rating_count": 0, "price_usd": 1820.43, "capacity_(w)": "2700 W", "capacity_(va)": "3000 VA"}, {"name": "CyberPower EC650LCD", "rating": 0, "rating_count": 0, "price_usd": 77.95, "capacity_(w)": "390 W", "capacity_(va)": "650 VA"}, {"name": "APC SRT6KXLT", "rating": 0, "rating_count": 0, "price_usd": 4164.0, "capacity_(w)": "6000 W", "capacity_(va)": "6000 VA"}, {"name": "APC BE650G1", "rating": 0, "rating_count": 0, "price_usd": 79.98, "capacity_(w)": "390 W", "capacity_(va)": "650 VA"}, {"name": "APC SRT5KXLI", "rating": 0, "rating_count": 0, "price_usd": 4158.5, "capacity_(w)": "4500 W", "capacity_(va)": "5000 VA"}, {"name": "CyberPower BRG1500AVRLCD", "rating": 0, "rating_count": 0, "price_usd": 199.95, "capacity_(w)": "900 W", "capacity_(va)": "1500 VA"}, {"name": "APC BR1300G", "rating": 4, "rating_count": 1, "price_usd": 399.0, "capacity_(w)": "780 W", "capacity_(va)": "1300 VA"}, {"name": "APC SMT2200US", "rating": 0, "rating_count": 0, "price_usd": 1196.92, "capacity_(w)": "1980 W", "capacity_(va)": "2200 VA"}, {"name": "CyberPower PR5000LCDRTXL5U", "rating": 0, "rating_count": 0, "price_usd": 1995.95, "capacity_(w)": "4000 W", "capacity_(va)": "5000 VA"}, {"name": "CyberPower GX1325U", "rating": 0, "rating_count": 0, "price_usd": 180.0, "capacity_(w)": "810 W", "capacity_(va)": "1325 VA"}, {"name": "APC SMX1500RMI2UNC", "rating": 0, "rating_count": 0, "price_usd": 1599.99, "capacity_(w)": "1200 W", "capacity_(va)": "1500 VA"}, {"name": "CyberPower PR3000LCDRTXL2UTAA", "rating": 0, "rating_count": 0, "price_usd": 1019.95, "capacity_(w)": "2400 W", "capacity_(va)": "3000 VA"}, {"name": "APC BX1000G", "rating": 0, "rating_count": 0, "price_usd": null, "capacity_(w)": "600 W", "capacity_(va)": "1000 VA"}, {"name": "APC BX600CI-IN", "rating": 0, "rating_count": 0, "price_usd": null, "capacity_(w)": "360 W", "capacity_(va)": "600 VA"}, {"name": "APC SMX3000RMLV2UNC", "rating": 0, "rating_count": 0, "price_usd": 1897.0, "capacity_(w)": "2700 W", "capacity_(va)": "3000 VA"}, {"name": "Tripp Lite SMART1300LCDT", "rating": 0, "rating_count": 0, "price_usd": 159.99, "capacity_(w)": "720 W", "capacity_(va)": "1300 VA"}, {"name": "CyberPower EC750G", "rating": 0, "rating_count": 0, "price_usd": null, "capacity_(w)": "450 W", "capacity_(va)": "750 VA"}, {"name": "APC SMC1500", "rating": 0, "rating_count": 0, "price_usd": 499.0, "capacity_(w)": "900 W", "capacity_(va)": "1500 VA"}, {"name": "APC SURT6000XLT", "rating": 0, "rating_count": 0, "price_usd": 5999.99, "capacity_(w)": "4200 W", "capacity_(va)": "6000 VA"}, {"name": "CyberPower CP425SLG", "rating": 0, "rating_count": 0, "price_usd": 48.95, "capacity_(w)": "255 W", "capacity_(va)": "425 VA"}, {"name": "CyberPower AVRG900U", "rating": 0, "rating_count": 0, "price_usd": 89.95, "capacity_(w)": "480 W", "capacity_(va)": "900 VA"}, {"name": "CyberPower CP825LCD", "rating": 0, "rating_count": 0, "price_usd": 89.95, "capacity_(w)": "450 W", "capacity_(va)": "825 VA"}, {"name": "Tripp Lite OMNI1500LCDT", "rating": 0, "rating_count": 0, "price_usd": 144.31, "capacity_(w)": "810 W", "capacity_(va)": "1500 VA"}, {"name": "CyberPower PR1500LCDRT2U", "rating": 0, "rating_count": 0, "price_usd": 515.95, "capacity_(w)": "1350 W", "capacity_(va)": "1500 VA"}, {"name": "APC BR500CI-AS", "rating": 0, "rating_count": 0, "price_usd": 59.99, "capacity_(w)": "300 W", "capacity_(va)": "500 VA"}, {"name": "APC SMT2200", "rating": 0, "rating_count": 0, "price_usd": 1289.0, "capacity_(w)": "1980 W", "capacity_(va)": "2200 VA"}, {"name": "APC BN1100M2", "rating": 5, "rating_count": 1, "price_usd": 169.9, "capacity_(w)": "600 W", "capacity_(va)": "1100 VA"}, {"name": "CyberPower CP900AVR", "rating": 0, "rating_count": 0, "price_usd": 119.95, "capacity_(w)": "560 W", "capacity_(va)": "900 VA"}, {"name": "CyberPower OR1500LCDRTXL2U", "rating": 0, "rating_count": 0, "price_usd": 469.95, "capacity_(w)": "1125 W", "capacity_(va)": "1500 VA"}, {"name": "APC SMT2200I", "rating": 0, "rating_count": 0, "price_usd": 1199.98, "capacity_(w)": "1980 W", "capacity_(va)": "2200 VA"}, {"name": "CyberPower PR1500LCDTAA", "rating": 0, "rating_count": 0, "price_usd": 459.95, "capacity_(w)": "1050 W", "capacity_(va)": "1500 VA"}, {"name": "APC BX1300G", "rating": 5, "rating_count": 3, "price_usd": null, "capacity_(w)": "780 W", "capacity_(va)": "1300 VA"}, {"name": "CyberPower LX1500GU-FC", "rating": 0, "rating_count": 0, "price_usd": null, "capacity_(w)": "900 W", "capacity_(va)": "1500 VA"}, {"name": "APC BK325I", "rating": 0, "rating_count": 0, "price_usd": 79.99, "capacity_(w)": "210 W", "capacity_(va)": "325 VA"}, {"name": "HP AF451A", "rating": 0, "rating_count": 0, "price_usd": 748.5, "capacity_(w)": "950 W", "capacity_(va)": "1400 VA"}, {"name": "CyberPower PR1500LCD", "rating": 0, "rating_count": 0, "price_usd": 489.95, "capacity_(w)": "1050 W", "capacity_(va)": "1500 VA"}, {"name": "CyberPower CP750LCD", "rating": 0, "rating_count": 0, "price_usd": 79.95, "capacity_(w)": "420 W", "capacity_(va)": "750 VA"}, {"name": "APC BK500", "rating": 0, "rating_count": 0, "price_usd": 114.99, "capacity_(w)": "300 W", "capacity_(va)": "500 VA"}, {"name": "APC SMX1500RMI2U", "rating": 0, "rating_count": 0, "price_usd": 899.95, "capacity_(w)": "1200 W", "capacity_(va)": "1500 VA"}, {"name": "APC BR550GI", "rating": 0, "rating_count": 0, "price_usd": 247.66, "capacity_(w)": "330 W", "capacity_(va)": "550 VA"}, {"name": "Tripp Lite SMART2200SLT", "rating": 0, "rating_count": 0, "price_usd": 772.99, "capacity_(w)": "1600 W", "capacity_(va)": "2200 VA"}, {"name": "CyberPower BRG1000AVRLCD", "rating": 0, "rating_count": 0, "price_usd": 149.94, "capacity_(w)": "600 W", "capacity_(va)": "1000 VA"}, {"name": "APC BK350EI", "rating": 0, "rating_count": 0, "price_usd": null, "capacity_(w)": "210 W", "capacity_(va)": "350 VA"}, {"name": "APC SMT1500I", "rating": 0, "rating_count": 0, "price_usd": 693.0, "capacity_(w)": "980 W", "capacity_(va)": "1500 VA"}, {"name": "APC BK650EI", "rating": 0, "rating_count": 0, "price_usd": null, "capacity_(w)": "400 W", "capacity_(va)": "650 VA"}, {"name": "APC SMX3000LVNC", "rating": 0, "rating_count": 0, "price_usd": 1651.0, "capacity_(w)": "2700 W", "capacity_(va)": "3000 VA"}, {"name": "CyberPower PR5000LCDRTXL5UTAA", "rating": 0, "rating_count": 0, "price_usd": 2383.95, "capacity_(w)": "4000 W", "capacity_(va)": "5000 VA"}, {"name": "APC BR1000MS", "rating": 0, "rating_count": 0, "price_usd": 149.99, "capacity_(w)": "600 W", "capacity_(va)": "1000 VA"}, {"name": "APC SUA2200", "rating": 0, "rating_count": 0, "price_usd": 1388.99, "capacity_(w)": "1980 W", "capacity_(va)": "2200 VA"}, {"name": "Tripp Lite SMX1500LCDT", "rating": 0, "rating_count": 0, "price_usd": 250.99, "capacity_(w)": "900 W", "capacity_(va)": "1500 VA"}, {"name": "CyberPower CP1500AVRT", "rating": 0, "rating_count": 0, "price_usd": 184.95, "capacity_(w)": "900 W", "capacity_(va)": "1500 VA"}, {"name": "CyberPower OR2200PFCRT2U", "rating": 0, "rating_count": 0, "price_usd": 914.99, "capacity_(w)": "1320 W", "capacity_(va)": "2000 VA"}, {"name": "APC SUA3000", "rating": 0, "rating_count": 0, "price_usd": 1149.0, "capacity_(w)": "2700 W", "capacity_(va)": "3000 VA"}, {"name": "APC BE750BB", "rating": 5, "rating_count": 1, "price_usd": 149.99, "capacity_(w)": "450 W", "capacity_(va)": "750 VA"}, {"name": "APC BE750G", "rating": 5, "rating_count": 1, "price_usd": 213.99, "capacity_(w)": "450 W", "capacity_(va)": "750 VA"}, {"name": "APC SMX3000LV", "rating": 0, "rating_count": 0, "price_usd": 1345.0, "capacity_(w)": "2700 W", "capacity_(va)": "3000 VA"}, {"name": "APC SRT5KXLT", "rating": 0, "rating_count": 0, "price_usd": 3892.92, "capacity_(w)": "4250 W", "capacity_(va)": "5000 VA"}, {"name": "APC BE400-GR", "rating": 0, "rating_count": 0, "price_usd": 208.0, "capacity_(w)": "240 W", "capacity_(va)": "400 VA"}, {"name": "APC BE650G1-LM", "rating": 0, "rating_count": 0, "price_usd": 101.0, "capacity_(w)": "390 W", "capacity_(va)": "650 VA"}, {"name": "CyberPower CP1500AVRLCD", "rating": 5, "rating_count": 12, "price_usd": 159.95, "capacity_(w)": "900 W", "capacity_(va)": "1500 VA"}, {"name": "APC SRT5KRMXLW-HW", "rating": 0, "rating_count": 0, "price_usd": 10867.0, "capacity_(w)": "4500 W", "capacity_(va)": "5000 VA"}, {"name": "CyberPower CP1500PFCLCD", "rating": 4, "rating_count": 8, "price_usd": 219.95, "capacity_(w)": "1000 W", "capacity_(va)": "1500 VA"}, {"name": "APC SURT20KRMXLT", "rating": 0, "rating_count": 0, "price_usd": null, "capacity_(w)": "16000 W", "capacity_(va)": "20000 VA"}, {"name": "APC SRT10KRMXLI", "rating": 0, "rating_count": 0, "price_usd": 11097.0, "capacity_(w)": "10000 W", "capacity_(va)": "10000 VA"}, {"name": "APC BX1500M", "rating": 5, "rating_count": 4, "price_usd": 164.99, "capacity_(w)": "900 W", "capacity_(va)": "1500 VA"}, {"name": "APC SRT10KXLI", "rating": 0, "rating_count": 0, "price_usd": 8588.8, "capacity_(w)": "10000 W", "capacity_(va)": "10000 VA"}, {"name": "APC BR700G", "rating": 5, "rating_count": 1, "price_usd": 116.99, "capacity_(w)": "450 W", "capacity_(va)": "700 VA"}, {"name": "CyberPower PR3000LCD", "rating": 0, "rating_count": 0, "price_usd": 1009.95, "capacity_(w)": "2700 W", "capacity_(va)": "3000 VA"}, {"name": "APC SMT1500US", "rating": 5, "rating_count": 1, "price_usd": 834.0, "capacity_(w)": "1000 W", "capacity_(va)": "1440 VA"}, {"name": "CyberPower AVRG750U", "rating": 4, "rating_count": 2, "price_usd": 89.95, "capacity_(w)": "450 W", "capacity_(va)": "750 VA"}, {"name": "CyberPower CP350SLG", "rating": 0, "rating_count": 0, "price_usd": 42.95, "capacity_(w)": "255 W", "capacity_(va)": "350 VA"}, {"name": "CyberPower PR3000LCDSL", "rating": 0, "rating_count": 0, "price_usd": 969.95, "capacity_(w)": "2700 W", "capacity_(va)": "3000 VA"}, {"name": "APC SRT10KXLT", "rating": 0, "rating_count": 0, "price_usd": 6099.0, "capacity_(w)": "10000 W", "capacity_(va)": "10000 VA"}, {"name": "APC BR1500G", "rating": 5, "rating_count": 7, "price_usd": 225.99, "capacity_(w)": "865 W", "capacity_(va)": "1500 VA"}, {"name": "CyberPower CP1350AVRLCD", "rating": 5, "rating_count": 2, "price_usd": 149.95, "capacity_(w)": "810 W", "capacity_(va)": "1350 VA"}, {"name": "CyberPower EC850LCD", "rating": 5, "rating_count": 1, "price_usd": 88.95, "capacity_(w)": "510 W", "capacity_(va)": "850 VA"}, {"name": "APC BR1500MS2", "rating": 5, "rating_count": 1, "price_usd": 219.99, "capacity_(w)": "900 W", "capacity_(va)": "1500 VA"}, {"name": "CyberPower PR2200LCD", "rating": 0, "rating_count": 0, "price_usd": 849.95, "capacity_(w)": "1980 W", "capacity_(va)": "2200 VA"}, {"name": "APC SMT2200RMI2U", "rating": 0, "rating_count": 0, "price_usd": 455.89, "capacity_(w)": "1980 W", "capacity_(va)": "2200 VA"}, {"name": "APC SRT10KRMXLT", "rating": 0, "rating_count": 0, "price_usd": 5998.99, "capacity_(w)": "10000 W", "capacity_(va)": "10000 VA"}, {"name": "CyberPower CP1000AVRLCD", "rating": 3, "rating_count": 3, "price_usd": 129.95, "capacity_(w)": "600 W", "capacity_(va)": "1000 VA"}, {"name": "CyberPower CP550SLG", "rating": 4, "rating_count": 1, "price_usd": 56.95, "capacity_(w)": "330 W", "capacity_(va)": "550 VA"}, {"name": "CyberPower CP1000PFCLCD", "rating": 4, "rating_count": 6, "price_usd": 159.96, "capacity_(w)": "600 W", "capacity_(va)": "1000 VA"}, {"name": "CyberPower CP1300EPFCLCD", "rating": 0, "rating_count": 0, "price_usd": null, "capacity_(w)": "780 W", "capacity_(va)": "1300 VA"}, {"name": "CyberPower OR2200LCDRT2U", "rating": 0, "rating_count": 0, "price_usd": 499.96, "capacity_(w)": "1320 W", "capacity_(va)": "2000 VA"}, {"name": "CyberPower ST425", "rating": 0, "rating_count": 0, "price_usd": 46.95, "capacity_(w)": "260 W", "capacity_(va)": "425 VA"}, {"name": "APC BR1000G", "rating": 4, "rating_count": 4, "price_usd": 199.0, "capacity_(w)": "600 W", "capacity_(va)": "1000 VA"}, {"name": "CyberPower OR2200LCDRTXL2U", "rating": 0, "rating_count": 0, "price_usd": 609.95, "capacity_(w)": "1650 W", "capacity_(va)": "2190 VA"}, {"name": "APC BE670M1", "rating": 0, "rating_count": 0, "price_usd": 69.99, "capacity_(w)": "360 W", "capacity_(va)": "675 VA"}, {"name": "Tripp Lite SMART1500LCDT", "rating": 5, "rating_count": 2, "price_usd": 189.81, "capacity_(w)": "900 W", "capacity_(va)": "1500 VA"}, {"name": "CyberPower CP1200AVR", "rating": 0, "rating_count": 0, "price_usd": 144.95, "capacity_(w)": "720 W", "capacity_(va)": "1200 VA"}, {"name": "CyberPower CP1350PFCLCD", "rating": 4, "rating_count": 6, "price_usd": 199.95, "capacity_(w)": "810 W", "capacity_(va)": "1350 VA"}, {"name": "APC BE550G", "rating": 4, "rating_count": 3, "price_usd": 75.11, "capacity_(w)": "330 W", "capacity_(va)": "550 VA"}, {"name": "CyberPower CP850PFCLCD", "rating": 5, "rating_count": 1, "price_usd": 179.32, "capacity_(w)": "510 W", "capacity_(va)": "850 VA"}, {"name": "CyberPower PR2200LCDSL", "rating": 0, "rating_count": 0, "price_usd": 683.9, "capacity_(w)": "1980 W", "capacity_(va)": "2070 VA"}, {"name": "APC BE850G2", "rating": 0, "rating_count": 0, "price_usd": 106.99, "capacity_(w)": "450 W", "capacity_(va)": "850 VA"}, {"name": "APC BR1500MS", "rating": 5, "rating_count": 2, "price_usd": null, "capacity_(w)": "900 W", "capacity_(va)": "1500 VA"}, {"name": "Tripp Lite SU12000RT4UHW", "rating": 0, "rating_count": 0, "price_usd": 8345.0, "capacity_(w)": "8400 W", "capacity_(va)": "12000 VA"}, {"name": "APC BN650M1", "rating": 0, "rating_count": 0, "price_usd": 81.97, "capacity_(w)": "360 W", "capacity_(va)": "650 VA"}, {"name": "CyberPower GX1500U", "rating": 0, "rating_count": 0, "price_usd": 199.99, "capacity_(w)": "900 W", "capacity_(va)": "1500 VA"}, {"name": "APC SMX3000RMHV2UNC", "rating": 0, "rating_count": 0, "price_usd": 1820.43, "capacity_(w)": "2700 W", "capacity_(va)": "3000 VA"}, {"name": "CyberPower EC650LCD", "rating": 0, "rating_count": 0, "price_usd": 77.95, "capacity_(w)": "390 W", "capacity_(va)": "650 VA"}, {"name": "APC SRT6KXLT", "rating": 0, "rating_count": 0, "price_usd": 4164.0, "capacity_(w)": "6000 W", "capacity_(va)": "6000 VA"}, {"name": "APC BE650G1", "rating": 0, "rating_count": 0, "price_usd": 79.98, "capacity_(w)": "390 W", "capacity_(va)": "650 VA"}, {"name": "APC SRT5KXLI", "rating": 0, "rating_count": 0, "price_usd": 4158.5, "capacity_(w)": "4500 W", "capacity_(va)": "5000 VA"}, {"name": "CyberPower BRG1500AVRLCD", "rating": 0, "rating_count": 0, "price_usd": 199.95, "capacity_(w)": "900 W", "capacity_(va)": "1500 VA"}, {"name": "APC BR1300G", "rating": 4, "rating_count": 1, "price_usd": 399.0, "capacity_(w)": "780 W", "capacity_(va)": "1300 VA"}, {"name": "APC SMT2200US", "rating": 0, "rating_count": 0, "price_usd": 1196.92, "capacity_(w)": "1980 W", "capacity_(va)": "2200 VA"}, {"name": "CyberPower PR5000LCDRTXL5U", "rating": 0, "rating_count": 0, "price_usd": 1995.95, "capacity_(w)": "4000 W", "capacity_(va)": "5000 VA"}, {"name": "CyberPower GX1325U", "rating": 0, "rating_count": 0, "price_usd": 180.0, "capacity_(w)": "810 W", "capacity_(va)": "1325 VA"}, {"name": "APC SMX1500RMI2UNC", "rating": 0, "rating_count": 0, "price_usd": 1599.99, "capacity_(w)": "1200 W", "capacity_(va)": "1500 VA"}, {"name": "CyberPower PR3000LCDRTXL2UTAA", "rating": 0, "rating_count": 0, "price_usd": 1019.95, "capacity_(w)": "2400 W", "capacity_(va)": "3000 VA"}, {"name": "APC BX1000G", "rating": 0, "rating_count": 0, "price_usd": null, "capacity_(w)": "600 W", "capacity_(va)": "1000 VA"}, {"name": "APC BX600CI-IN", "rating": 0, "rating_count": 0, "price_usd": null, "capacity_(w)": "360 W", "capacity_(va)": "600 VA"}, {"name": "APC SMX3000RMLV2UNC", "rating": 0, "rating_count": 0, "price_usd": 1897.0, "capacity_(w)": "2700 W", "capacity_(va)": "3000 VA"}, {"name": "Tripp Lite SMART1300LCDT", "rating": 0, "rating_count": 0, "price_usd": 159.99, "capacity_(w)": "720 W", "capacity_(va)": "1300 VA"}, {"name": "CyberPower EC750G", "rating": 0, "rating_count": 0, "price_usd": null, "capacity_(w)": "450 W", "capacity_(va)": "750 VA"}, {"name": "APC SMC1500", "rating": 0, "rating_count": 0, "price_usd": 499.0, "capacity_(w)": "900 W", "capacity_(va)": "1500 VA"}, {"name": "APC SURT6000XLT", "rating": 0, "rating_count": 0, "price_usd": 5999.99, "capacity_(w)": "4200 W", "capacity_(va)": "6000 VA"}, {"name": "CyberPower CP425SLG", "rating": 0, "rating_count": 0, "price_usd": 48.95, "capacity_(w)": "255 W", "capacity_(va)": "425 VA"}, {"name": "CyberPower AVRG900U", "rating": 0, "rating_count": 0, "price_usd": 89.95, "capacity_(w)": "480 W", "capacity_(va)": "900 VA"}, {"name": "CyberPower CP825LCD", "rating": 0, "rating_count": 0, "price_usd": 89.95, "capacity_(w)": "450 W", "capacity_(va)": "825 VA"}, {"name": "Tripp Lite OMNI1500LCDT", "rating": 0, "rating_count": 0, "price_usd": 144.31, "capacity_(w)": "810 W", "capacity_(va)": "1500 VA"}, {"name": "CyberPower PR1500LCDRT2U", "rating": 0, "rating_count": 0, "price_usd": 515.95, "capacity_(w)": "1350 W", "capacity_(va)": "1500 VA"}, {"name": "APC BR500CI-AS", "rating": 0, "rating_count": 0, "price_usd": 59.99, "capacity_(w)": "300 W", "capacity_(va)": "500 VA"}, {"name": "APC SMT2200", "rating": 0, "rating_count": 0, "price_usd": 1289.0, "capacity_(w)": "1980 W", "capacity_(va)": "2200 VA"}, {"name": "APC BN1100M2", "rating": 5, "rating_count": 1, "price_usd": 169.9, "capacity_(w)": "600 W", "capacity_(va)": "1100 VA"}, {"name": "CyberPower CP900AVR", "rating": 0, "rating_count": 0, "price_usd": 119.95, "capacity_(w)": "560 W", "capacity_(va)": "900 VA"}, {"name": "CyberPower OR1500LCDRTXL2U", "rating": 0, "rating_count": 0, "price_usd": 469.95, "capacity_(w)": "1125 W", "capacity_(va)": "1500 VA"}, {"name": "APC SMT2200I", "rating": 0, "rating_count": 0, "price_usd": 1199.98, "capacity_(w)": "1980 W", "capacity_(va)": "2200 VA"}, {"name": "CyberPower PR1500LCDTAA", "rating": 0, "rating_count": 0, "price_usd": 459.95, "capacity_(w)": "1050 W", "capacity_(va)": "1500 VA"}, {"name": "APC BX1300G", "rating": 5, "rating_count": 3, "price_usd": null, "capacity_(w)": "780 W", "capacity_(va)": "1300 VA"}, {"name": "CyberPower LX1500GU-FC", "rating": 0, "rating_count": 0, "price_usd": null, "capacity_(w)": "900 W", "capacity_(va)": "1500 VA"}, {"name": "APC BK325I", "rating": 0, "rating_count": 0, "price_usd": 79.99, "capacity_(w)": "210 W", "capacity_(va)": "325 VA"}, {"name": "HP AF451A", "rating": 0, "rating_count": 0, "price_usd": 748.5, "capacity_(w)": "950 W", "capacity_(va)": "1400 VA"}, {"name": "CyberPower PR1500LCD", "rating": 0, "rating_count": 0, "price_usd": 489.95, "capacity_(w)": "1050 W", "capacity_(va)": "1500 VA"}, {"name": "CyberPower CP750LCD", "rating": 0, "rating_count": 0, "price_usd": 79.95, "capacity_(w)": "420 W", "capacity_(va)": "750 VA"}, {"name": "APC BK500", "rating": 0, "rating_count": 0, "price_usd": 114.99, "capacity_(w)": "300 W", "capacity_(va)": "500 VA"}, {"name": "APC SMX1500RMI2U", "rating": 0, "rating_count": 0, "price_usd": 899.95, "capacity_(w)": "1200 W", "capacity_(va)": "1500 VA"}, {"name": "APC BR550GI", "rating": 0, "rating_count": 0, "price_usd": 247.66, "capacity_(w)": "330 W", "capacity_(va)": "550 VA"}, {"name": "Tripp Lite SMART2200SLT", "rating": 0, "rating_count": 0, "price_usd": 772.99, "capacity_(w)": "1600 W", "capacity_(va)": "2200 VA"}, {"name": "CyberPower BRG1000AVRLCD", "rating": 0, "rating_count": 0, "price_usd": 149.94, "capacity_(w)": "600 W", "capacity_(va)": "1000 VA"}, {"name": "APC BK350EI", "rating": 0, "rating_count": 0, "price_usd": null, "capacity_(w)": "210 W", "capacity_(va)": "350 VA"}, {"name": "APC SMT1500I", "rating": 0, "rating_count": 0, "price_usd": 693.0, "capacity_(w)": "980 W", "capacity_(va)": "1500 VA"}, {"name": "APC BK650EI", "rating": 0, "rating_count": 0, "price_usd": null, "capacity_(w)": "400 W", "capacity_(va)": "650 VA"}, {"name": "APC SMX3000LVNC", "rating": 0, "rating_count": 0, "price_usd": 1651.0, "capacity_(w)": "2700 W", "capacity_(va)": "3000 VA"}, {"name": "CyberPower PR5000LCDRTXL5UTAA", "rating": 0, "rating_count": 0, "price_usd": 2383.95, "capacity_(w)": "4000 W", "capacity_(va)": "5000 VA"}, {"name": "APC BR1000MS", "rating": 0, "rating_count": 0, "price_usd": 149.99, "capacity_(w)": "600 W", "capacity_(va)": "1000 VA"}, {"name": "APC SUA2200", "rating": 0, "rating_count": 0, "price_usd": 1388.99, "capacity_(w)": "1980 W", "capacity_(va)": "2200 VA"}, {"name": "Tripp Lite SMX1500LCDT", "rating": 0, "rating_count": 0, "price_usd": 250.99, "capacity_(w)": "900 W", "capacity_(va)": "1500 VA"}, {"name": "CyberPower CP1500AVRT", "rating": 0, "rating_count": 0, "price_usd": 184.95, "capacity_(w)": "900 W", "capacity_(va)": "1500 VA"}, {"name": "CyberPower OR2200PFCRT2U", "rating": 0, "rating_count": 0, "price_usd": 914.99, "capacity_(w)": "1320 W", "capacity_(va)": "2000 VA"}, {"name": "APC SUA3000", "rating": 0, "rating_count": 0, "price_usd": 1149.0, "capacity_(w)": "2700 W", "capacity_(va)": "3000 VA"}, {"name": "APC BE750BB", "rating": 5, "rating_count": 1, "price_usd": 149.99, "capacity_(w)": "450 W", "capacity_(va)": "750 VA"}, {"name": "APC BE750G", "rating": 5, "rating_count": 1, "price_usd": 213.99, "capacity_(w)": "450 W", "capacity_(va)": "750 VA"}, {"name": "APC SMX3000LV", "rating": 0, "rating_count": 0, "price_usd": 1345.0, "capacity_(w)": "2700 W", "capacity_(va)": "3000 VA"}, {"name": "APC SRT5KXLT", "rating": 0, "rating_count": 0, "price_usd": 3892.92, "capacity_(w)": "4250 W", "capacity_(va)": "5000 VA"}, {"name": "APC BE400-GR", "rating": 0, "rating_count": 0, "price_usd": 208.0, "capacity_(w)": "240 W", "capacity_(va)": "400 VA"}, {"name": "APC BE650G1-LM", "rating": 0, "rating_count": 0, "price_usd": 101.0, "capacity_(w)": "390 W", "capacity_(va)": "650 VA"}, {"name": "CyberPower CP1500AVRLCD", "rating": 5, "rating_count": 12, "price_usd": 159.95, "capacity_(w)": "900 W", "capacity_(va)": "1500 VA"}, {"name": "APC SRT5KRMXLW-HW", "rating": 0, "rating_count": 0, "price_usd": 10867.0, "capacity_(w)": "4500 W", "capacity_(va)": "5000 VA"}, {"name": "CyberPower CP1500PFCLCD", "rating": 4, "rating_count": 8, "price_usd": 219.95, "capacity_(w)": "1000 W", "capacity_(va)": "1500 VA"}, {"name": "APC SURT20KRMXLT", "rating": 0, "rating_count": 0, "price_usd": null, "capacity_(w)": "16000 W", "capacity_(va)": "20000 VA"}, {"name": "APC SRT10KRMXLI", "rating": 0, "rating_count": 0, "price_usd": 11097.0, "capacity_(w)": "10000 W", "capacity_(va)": "10000 VA"}, {"name": "APC BX1500M", "rating": 5, "rating_count": 4, "price_usd": 164.99, "capacity_(w)": "900 W", "capacity_(va)": "1500 VA"}, {"name": "APC SRT10KXLI", "rating": 0, "rating_count": 0, "price_usd": 8588.8, "capacity_(w)": "10000 W", "capacity_(va)": "10000 VA"}, {"name": "APC BR700G", "rating": 5, "rating_count": 1, "price_usd": 116.99, "capacity_(w)": "450 W", "capacity_(va)": "700 VA"}, {"name": "CyberPower PR3000LCD", "rating": 0, "rating_count": 0, "price_usd": 1009.95, "capacity_(w)": "2700 W", "capacity_(va)": "3000 VA"}, {"name": "APC SMT1500US", "rating": 5, "rating_count": 1, "price_usd": 834.0, "capacity_(w)": "1000 W", "capacity_(va)": "1440 VA"}, {"name": "CyberPower AVRG750U", "rating": 4, "rating_count": 2, "price_usd": 89.95, "capacity_(w)": "450 W", "capacity_(va)": "750 VA"}, {"name": "CyberPower CP350SLG", "rating": 0, "rating_count": 0, "price_usd": 42.95, "capacity_(w)": "255 W", "capacity_(va)": "350 VA"}, {"name": "CyberPower PR3000LCDSL", "rating": 0, "rating_count": 0, "price_usd": 969.95, "capacity_(w)": "2700 W", "capacity_(va)": "3000 VA"}, {"name": "APC SRT10KXLT", "rating": 0, "rating_count": 0, "price_usd": 6099.0, "capacity_(w)": "10000 W", "capacity_(va)": "10000 VA"}, {"name": "APC BR1500G", "rating": 5, "rating_count": 7, "price_usd": 225.99, "capacity_(w)": "865 W", "capacity_(va)": "1500 VA"}, {"name": "CyberPower CP1350AVRLCD", "rating": 5, "rating_count": 2, "price_usd": 149.95, "capacity_(w)": "810 W", "capacity_(va)": "1350 VA"}, {"name": "CyberPower EC850LCD", "rating": 5, "rating_count": 1, "price_usd": 88.95, "capacity_(w)": "510 W", "capacity_(va)": "850 VA"}, {"name": "APC BR1500MS2", "rating": 5, "rating_count": 1, "price_usd": 219.99, "capacity_(w)": "900 W", "capacity_(va)": "1500 VA"}, {"name": "CyberPower PR2200LCD", "rating": 0, "rating_count": 0, "price_usd": 849.95, "capacity_(w)": "1980 W", "capacity_(va)": "2200 VA"}, {"name": "APC SMT2200RMI2U", "rating": 0, "rating_count": 0, "price_usd": 455.89, "capacity_(w)": "1980 W", "capacity_(va)": "2200 VA"}, {"name": "APC SRT10KRMXLT", "rating": 0, "rating_count": 0, "price_usd": 5998.99, "capacity_(w)": "10000 W", "capacity_(va)": "10000 VA"}, {"name": "CyberPower CP1000AVRLCD", "rating": 3, "rating_count": 3, "price_usd": 129.95, "capacity_(w)": "600 W", "capacity_(va)": "1000 VA"}, {"name": "CyberPower CP550SLG", "rating": 4, "rating_count": 1, "price_usd": 56.95, "capacity_(w)": "330 W", "capacity_(va)": "550 VA"}, {"name": "CyberPower CP1000PFCLCD", "rating": 4, "rating_count": 6, "price_usd": 159.96, "capacity_(w)": "600 W", "capacity_(va)": "1000 VA"}, {"name": "CyberPower CP1300EPFCLCD", "rating": 0, "rating_count": 0, "price_usd": null, "capacity_(w)": "780 W", "capacity_(va)": "1300 VA"}, {"name": "CyberPower OR2200LCDRT2U", "rating": 0, "rating_count": 0, "price_usd": 499.96, "capacity_(w)": "1320 W", "capacity_(va)": "2000 VA"}, {"name": "CyberPower ST425", "rating": 0, "rating_count": 0, "price_usd": 46.95, "capacity_(w)": "260 W", "capacity_(va)": "425 VA"}, {"name": "APC BR1000G", "rating": 4, "rating_count": 4, "price_usd": 199.0, "capacity_(w)": "600 W", "capacity_(va)": "1000 VA"}, {"name": "CyberPower OR2200LCDRTXL2U", "rating": 0, "rating_count": 0, "price_usd": 609.95, "capacity_(w)": "1650 W", "capacity_(va)": "2190 VA"}, {"name": "APC BE670M1", "rating": 0, "rating_count": 0, "price_usd": 69.99, "capacity_(w)": "360 W", "capacity_(va)": "675 VA"}, {"name": "Tripp Lite SMART1500LCDT", "rating": 5, "rating_count": 2, "price_usd": 189.81, "capacity_(w)": "900 W", "capacity_(va)": "1500 VA"}, {"name": "CyberPower CP1200AVR", "rating": 0, "rating_count": 0, "price_usd": 144.95, "capacity_(w)": "720 W", "capacity_(va)": "1200 VA"}, {"name": "CyberPower CP1350PFCLCD", "rating": 4, "rating_count": 6, "price_usd": 199.95, "capacity_(w)": "810 W", "capacity_(va)": "1350 VA"}, {"name": "APC BE550G", "rating": 4, "rating_count": 3, "price_usd": 75.11, "capacity_(w)": "330 W", "capacity_(va)": "550 VA"}, {"name": "CyberPower CP850PFCLCD", "rating": 5, "rating_count": 1, "price_usd": 179.32, "capacity_(w)": "510 W", "capacity_(va)": "850 VA"}, {"name": "CyberPower PR2200LCDSL", "rating": 0, "rating_count": 0, "price_usd": 683.9, "capacity_(w)": "1980 W", "capacity_(va)": "2070 VA"}, {"name": "APC BE850G2", "rating": 0, "rating_count": 0, "price_usd": 106.99, "capacity_(w)": "450 W", "capacity_(va)": "850 VA"}, {"name": "APC BR1500MS", "rating": 5, "rating_count": 2, "price_usd": null, "capacity_(w)": "900 W", "capacity_(va)": "1500 VA"}, {"name": "Tripp Lite SU12000RT4UHW", "rating": 0, "rating_count": 0, "price_usd": 8345.0, "capacity_(w)": "8400 W", "capacity_(va)": "12000 VA"}, {"name": "APC BN650M1", "rating": 0, "rating_count": 0, "price_usd": 81.97, "capacity_(w)": "360 W", "capacity_(va)": "650 VA"}, {"name": "CyberPower GX1500U", "rating": 0, "rating_count": 0, "price_usd": 199.99, "capacity_(w)": "900 W", "capacity_(va)": "1500 VA"}, {"name": "APC SMX3000RMHV2UNC", "rating": 0, "rating_count": 0, "price_usd": 1820.43, "capacity_(w)": "2700 W", "capacity_(va)": "3000 VA"}, {"name": "CyberPower EC650LCD", "rating": 0, "rating_count": 0, "price_usd": 77.95, "capacity_(w)": "390 W", "capacity_(va)": "650 VA"}, {"name": "APC SRT6KXLT", "rating": 0, "rating_count": 0, "price_usd": 4164.0, "capacity_(w)": "6000 W", "capacity_(va)": "6000 VA"}, {"name": "APC BE650G1", "rating": 0, "rating_count": 0, "price_usd": 79.98, "capacity_(w)": "390 W", "capacity_(va)": "650 VA"}, {"name": "APC SRT5KXLI", "rating": 0, "rating_count": 0, "price_usd": 4158.5, "capacity_(w)": "4500 W", "capacity_(va)": "5000 VA"}, {"name": "CyberPower BRG1500AVRLCD", "rating": 0, "rating_count": 0, "price_usd": 199.95, "capacity_(w)": "900 W", "capacity_(va)": "1500 VA"}, {"name": "APC BR1300G", "rating": 4, "rating_count": 1, "price_usd": 399.0, "capacity_(w)": "780 W", "capacity_(va)": "1300 VA"}, {"name": "APC SMT2200US", "rating": 0, "rating_count": 0, "price_usd": 1196.92, "capacity_(w)": "1980 W", "capacity_(va)": "2200 VA"}, {"name": "CyberPower PR5000LCDRTXL5U", "rating": 0, "rating_count": 0, "price_usd": 1995.95, "capacity_(w)": "4000 W", "capacity_(va)": "5000 VA"}, {"name": "CyberPower GX1325U", "rating": 0, "rating_count": 0, "price_usd": 180.0, "capacity_(w)": "810 W", "capacity_(va)": "1325 VA"}, {"name": "APC SMX1500RMI2UNC", "rating": 0, "rating_count": 0, "price_usd": 1599.99, "capacity_(w)": "1200 W", "capacity_(va)": "1500 VA"}, {"name": "CyberPower PR3000LCDRTXL2UTAA", "rating": 0, "rating_count": 0, "price_usd": 1019.95, "capacity_(w)": "2400 W", "capacity_(va)": "3000 VA"}, {"name": "APC BX1000G", "rating": 0, "rating_count": 0, "price_usd": null, "capacity_(w)": "600 W", "capacity_(va)": "1000 VA"}, {"name": "APC BX600CI-IN", "rating": 0, "rating_count": 0, "price_usd": null, "capacity_(w)": "360 W", "capacity_(va)": "600 VA"}, {"name": "APC SMX3000RMLV2UNC", "rating": 0, "rating_count": 0, "price_usd": 1897.0, "capacity_(w)": "2700 W", "capacity_(va)": "3000 VA"}, {"name": "Tripp Lite SMART1300LCDT", "rating": 0, "rating_count": 0, "price_usd": 159.99, "capacity_(w)": "720 W", "capacity_(va)": "1300 VA"}, {"name": "CyberPower EC750G", "rating": 0, "rating_count": 0, "price_usd": null, "capacity_(w)": "450 W", "capacity_(va)": "750 VA"}, {"name": "APC SMC1500", "rating": 0, "rating_count": 0, "price_usd": 499.0, "capacity_(w)": "900 W", "capacity_(va)": "1500 VA"}, {"name": "APC SURT6000XLT", "rating": 0, "rating_count": 0, "price_usd": 5999.99, "capacity_(w)": "4200 W", "capacity_(va)": "6000 VA"}, {"name": "CyberPower CP425SLG", "rating": 0, "rating_count": 0, "price_usd": 48.95, "capacity_(w)": "255 W", "capacity_(va)": "425 VA"}, {"name": "CyberPower AVRG900U", "rating": 0, "rating_count": 0, "price_usd": 89.95, "capacity_(w)": "480 W", "capacity_(va)": "900 VA"}, {"name": "CyberPower CP825LCD", "rating": 0, "rating_count": 0, "price_usd": 89.95, "capacity_(w)": "450 W", "capacity_(va)": "825 VA"}, {"name": "Tripp Lite OMNI1500LCDT", "rating": 0, "rating_count": 0, "price_usd": 144.31, "capacity_(w)": "810 W", "capacity_(va)": "1500 VA"}, {"name": "CyberPower PR1500LCDRT2U", "rating": 0, "rating_count": 0, "price_usd": 515.95, "capacity_(w)": "1350 W", "capacity_(va)": "1500 VA"}, {"name": "APC BR500CI-AS", "rating": 0, "rating_count": 0, "price_usd": 59.99, "capacity_(w)": "300 W", "capacity_(va)": "500 VA"}, {"name": "APC SMT2200", "rating": 0, "rating_count": 0, "price_usd": 1289.0, "capacity_(w)": "1980 W", "capacity_(va)": "2200 VA"}, {"name": "APC BN1100M2", "rating": 5, "rating_count": 1, "price_usd": 169.9, "capacity_(w)": "600 W", "capacity_(va)": "1100 VA"}, {"name": "CyberPower CP900AVR", "rating": 0, "rating_count": 0, "price_usd": 119.95, "capacity_(w)": "560 W", "capacity_(va)": "900 VA"}, {"name": "CyberPower OR1500LCDRTXL2U", "rating": 0, "rating_count": 0, "price_usd": 469.95, "capacity_(w)": "1125 W", "capacity_(va)": "1500 VA"}, {"name": "APC SMT2200I", "rating": 0, "rating_count": 0, "price_usd": 1199.98, "capacity_(w)": "1980 W", "capacity_(va)": "2200 VA"}, {"name": "CyberPower PR1500LCDTAA", "rating": 0, "rating_count": 0, "price_usd": 459.95, "capacity_(w)": "1050 W", "capacity_(va)": "1500 VA"}, {"name": "APC BX1300G", "rating": 5, "rating_count": 3, "price_usd": null, "capacity_(w)": "780 W", "capacity_(va)": "1300 VA"}, {"name": "CyberPower LX1500GU-FC", "rating": 0, "rating_count": 0, "price_usd": null, "capacity_(w)": "900 W", "capacity_(va)": "1500 VA"}, {"name": "APC BK325I", "rating": 0, "rating_count": 0, "price_usd": 79.99, "capacity_(w)": "210 W", "capacity_(va)": "325 VA"}, {"name": "HP AF451A", "rating": 0, "rating_count": 0, "price_usd": 748.5, "capacity_(w)": "950 W", "capacity_(va)": "1400 VA"}, {"name": "CyberPower PR1500LCD", "rating": 0, "rating_count": 0, "price_usd": 489.95, "capacity_(w)": "1050 W", "capacity_(va)": "1500 VA"}, {"name": "CyberPower CP750LCD", "rating": 0, "rating_count": 0, "price_usd": 79.95, "capacity_(w)": "420 W", "capacity_(va)": "750 VA"}, {"name": "APC BK500", "rating": 0, "rating_count": 0, "price_usd": 114.99, "capacity_(w)": "300 W", "capacity_(va)": "500 VA"}, {"name": "APC SMX1500RMI2U", "rating": 0, "rating_count": 0, "price_usd": 899.95, "capacity_(w)": "1200 W", "capacity_(va)": "1500 VA"}, {"name": "APC BR550GI", "rating": 0, "rating_count": 0, "price_usd": 247.66, "capacity_(w)": "330 W", "capacity_(va)": "550 VA"}, {"name": "Tripp Lite SMART2200SLT", "rating": 0, "rating_count": 0, "price_usd": 772.99, "capacity_(w)": "1600 W", "capacity_(va)": "2200 VA"}, {"name": "CyberPower BRG1000AVRLCD", "rating": 0, "rating_count": 0, "price_usd": 149.94, "capacity_(w)": "600 W", "capacity_(va)": "1000 VA"}, {"name": "APC BK350EI", "rating": 0, "rating_count": 0, "price_usd": null, "capacity_(w)": "210 W", "capacity_(va)": "350 VA"}, {"name": "APC SMT1500I", "rating": 0, "rating_count": 0, "price_usd": 693.0, "capacity_(w)": "980 W", "capacity_(va)": "1500 VA"}, {"name": "APC BK650EI", "rating": 0, "rating_count": 0, "price_usd": null, "capacity_(w)": "400 W", "capacity_(va)": "650 VA"}, {"name": "APC SMX3000LVNC", "rating": 0, "rating_count": 0, "price_usd": 1651.0, "capacity_(w)": "2700 W", "capacity_(va)": "3000 VA"}, {"name": "CyberPower PR5000LCDRTXL5UTAA", "rating": 0, "rating_count": 0, "price_usd": 2383.95, "capacity_(w)": "4000 W", "capacity_(va)": "5000 VA"}, {"name": "APC BR1000MS", "rating": 0, "rating_count": 0, "price_usd": 149.99, "capacity_(w)": "600 W", "capacity_(va)": "1000 VA"}, {"name": "APC SUA2200", "rating": 0, "rating_count": 0, "price_usd": 1388.99, "capacity_(w)": "1980 W", "capacity_(va)": "2200 VA"}, {"name": "Tripp Lite SMX1500LCDT", "rating": 0, "rating_count": 0, "price_usd": 250.99, "capacity_(w)": "900 W", "capacity_(va)": "1500 VA"}, {"name": "CyberPower CP1500AVRT", "rating": 0, "rating_count": 0, "price_usd": 184.95, "capacity_(w)": "900 W", "capacity_(va)": "1500 VA"}, {"name": "CyberPower OR2200PFCRT2U", "rating": 0, "rating_count": 0, "price_usd": 914.99, "capacity_(w)": "1320 W", "capacity_(va)": "2000 VA"}, {"name": "APC SUA3000", "rating": 0, "rating_count": 0, "price_usd": 1149.0, "capacity_(w)": "2700 W", "capacity_(va)": "3000 VA"}, {"name": "APC BE750BB", "rating": 5, "rating_count": 1, "price_usd": 149.99, "capacity_(w)": "450 W", "capacity_(va)": "750 VA"}, {"name": "APC BE750G", "rating": 5, "rating_count": 1, "price_usd": 213.99, "capacity_(w)": "450 W", "capacity_(va)": "750 VA"}, {"name": "APC SMX3000LV", "rating": 0, "rating_count": 0, "price_usd": 1345.0, "capacity_(w)": "2700 W", "capacity_(va)": "3000 VA"}, {"name": "APC SRT5KXLT", "rating": 0, "rating_count": 0, "price_usd": 3892.92, "capacity_(w)": "4250 W", "capacity_(va)": "5000 VA"}, {"name": "APC BE400-GR", "rating": 0, "rating_count": 0, "price_usd": 208.0, "capacity_(w)": "240 W", "capacity_(va)": "400 VA"}, {"name": "APC BE650G1-LM", "rating": 0, "rating_count": 0, "price_usd": 101.0, "capacity_(w)": "390 W", "capacity_(va)": "650 VA"}, {"name": "CyberPower CP1500AVRLCD", "rating": 5, "rating_count": 12, "price_usd": 159.95, "capacity_(w)": "900 W", "capacity_(va)": "1500 VA"}, {"name": "APC SRT5KRMXLW-HW", "rating": 0, "rating_count": 0, "price_usd": 10867.0, "capacity_(w)": "4500 W", "capacity_(va)": "5000 VA"}, {"name": "CyberPower CP1500PFCLCD", "rating": 4, "rating_count": 8, "price_usd": 219.95, "capacity_(w)": "1000 W", "capacity_(va)": "1500 VA"}, {"name": "APC SURT20KRMXLT", "rating": 0, "rating_count": 0, "price_usd": null, "capacity_(w)": "16000 W", "capacity_(va)": "20000 VA"}, {"name": "APC SRT10KRMXLI", "rating": 0, "rating_count": 0, "price_usd": 11097.0, "capacity_(w)": "10000 W", "capacity_(va)": "10000 VA"}, {"name": "APC BX1500M", "rating": 5, "rating_count": 4, "price_usd": 164.99, "capacity_(w)": "900 W", "capacity_(va)": "1500 VA"}, {"name": "APC SRT10KXLI", "rating": 0, "rating_count": 0, "price_usd": 8588.8, "capacity_(w)": "10000 W", "capacity_(va)": "10000 VA"}, {"name": "APC BR700G", "rating": 5, "rating_count": 1, "price_usd": 116.99, "capacity_(w)": "450 W", "capacity_(va)": "700 VA"}, {"name": "CyberPower PR3000LCD", "rating": 0, "rating_count": 0, "price_usd": 1009.95, "capacity_(w)": "2700 W", "capacity_(va)": "3000 VA"}, {"name": "APC SMT1500US", "rating": 5, "rating_count": 1, "price_usd": 834.0, "capacity_(w)": "1000 W", "capacity_(va)": "1440 VA"}, {"name": "CyberPower AVRG750U", "rating": 4, "rating_count": 2, "price_usd": 89.95, "capacity_(w)": "450 W", "capacity_(va)": "750 VA"}, {"name": "CyberPower CP350SLG", "rating": 0, "rating_count": 0, "price_usd": 42.95, "capacity_(w)": "255 W", "capacity_(va)": "350 VA"}, {"name": "CyberPower PR3000LCDSL", "rating": 0, "rating_count": 0, "price_usd": 969.95, "capacity_(w)": "2700 W", "capacity_(va)": "3000 VA"}, {"name": "APC SRT10KXLT", "rating": 0, "rating_count": 0, "price_usd": 6099.0, "capacity_(w)": "10000 W", "capacity_(va)": "10000 VA"}, {"name": "APC BR1500G", "rating": 5, "rating_count": 7, "price_usd": 225.99, "capacity_(w)": "865 W", "capacity_(va)": "1500 VA"}, {"name": "CyberPower CP1350AVRLCD", "rating": 5, "rating_count": 2, "price_usd": 149.95, "capacity_(w)": "810 W", "capacity_(va)": "1350 VA"}, {"name": "CyberPower EC850LCD", "rating": 5, "rating_count": 1, "price_usd": 88.95, "capacity_(w)": "510 W", "capacity_(va)": "850 VA"}, {"name": "APC BR1500MS2", "rating": 5, "rating_count": 1, "price_usd": 219.99, "capacity_(w)": "900 W", "capacity_(va)": "1500 VA"}, {"name": "CyberPower PR2200LCD", "rating": 0, "rating_count": 0, "price_usd": 849.95, "capacity_(w)": "1980 W", "capacity_(va)": "2200 VA"}, {"name": "APC SMT2200RMI2U", "rating": 0, "rating_count": 0, "price_usd": 455.89, "capacity_(w)": "1980 W", "capacity_(va)": "2200 VA"}, {"name": "APC SRT10KRMXLT", "rating": 0, "rating_count": 0, "price_usd": 5998.99, "capacity_(w)": "10000 W", "capacity_(va)": "10000 VA"}, {"name": "CyberPower CP1000AVRLCD", "rating": 3, "rating_count": 3, "price_usd": 129.95, "capacity_(w)": "600 W", "capacity_(va)": "1000 VA"}, {"name": "CyberPower CP550SLG", "rating": 4, "rating_count": 1, "price_usd": 56.95, "capacity_(w)": "330 W", "capacity_(va)": "550 VA"}, {"name": "CyberPower CP1000PFCLCD", "rating": 4, "rating_count": 6, "price_usd": 159.96, "capacity_(w)": "600 W", "capacity_(va)": "1000 VA"}, {"name": "CyberPower CP1300EPFCLCD", "rating": 0, "rating_count": 0, "price_usd": null, "capacity_(w)": "780 W", "capacity_(va)": "1300 VA"}, {"name": "CyberPower OR2200LCDRT2U", "rating": 0, "rating_count": 0, "price_usd": 499.96, "capacity_(w)": "1320 W", "capacity_(va)": "2000 VA"}, {"name": "CyberPower ST425", "rating": 0, "rating_count": 0, "price_usd": 46.95, "capacity_(w)": "260 W", "capacity_(va)": "425 VA"}, {"name": "APC BR1000G", "rating": 4, "rating_count": 4, "price_usd": 199.0, "capacity_(w)": "600 W", "capacity_(va)": "1000 VA"}, {"name": "CyberPower OR2200LCDRTXL2U", "rating": 0, "rating_count": 0, "price_usd": 609.95, "capacity_(w)": "1650 W", "capacity_(va)": "2190 VA"}, {"name": "APC BE670M1", "rating": 0, "rating_count": 0, "price_usd": 69.99, "capacity_(w)": "360 W", "capacity_(va)": "675 VA"}, {"name": "Tripp Lite SMART1500LCDT", "rating": 5, "rating_count": 2, "price_usd": 189.81, "capacity_(w)": "900 W", "capacity_(va)": "1500 VA"}, {"name": "CyberPower CP1200AVR", "rating": 0, "rating_count": 0, "price_usd": 144.95, "capacity_(w)": "720 W", "capacity_(va)": "1200 VA"}, {"name": "CyberPower CP1350PFCLCD", "rating": 4, "rating_count": 6, "price_usd": 199.95, "capacity_(w)": "810 W", "capacity_(va)": "1350 VA"}, {"name": "APC BE550G", "rating": 4, "rating_count": 3, "price_usd": 75.11, "capacity_(w)": "330 W", "capacity_(va)": "550 VA"}, {"name": "CyberPower CP850PFCLCD", "rating": 5, "rating_count": 1, "price_usd": 179.32, "capacity_(w)": "510 W", "capacity_(va)": "850 VA"}, {"name": "CyberPower PR2200LCDSL", "rating": 0, "rating_count": 0, "price_usd": 683.9, "capacity_(w)": "1980 W", "capacity_(va)": "2070 VA"}, {"name": "APC BE850G2", "rating": 0, "rating_count": 0, "price_usd": 106.99, "capacity_(w)": "450 W", "capacity_(va)": "850 VA"}, {"name": "APC BR1500MS", "rating": 5, "rating_count": 2, "price_usd": null, "capacity_(w)": "900 W", "capacity_(va)": "1500 VA"}, {"name": "Tripp Lite SU12000RT4UHW", "rating": 0, "rating_count": 0, "price_usd": 8345.0, "capacity_(w)": "8400 W", "capacity_(va)": "12000 VA"}, {"name": "APC BN650M1", "rating": 0, "rating_count": 0, "price_usd": 81.97, "capacity_(w)": "360 W", "capacity_(va)": "650 VA"}, {"name": "CyberPower GX1500U", "rating": 0, "rating_count": 0, "price_usd": 199.99, "capacity_(w)": "900 W", "capacity_(va)": "1500 VA"}, {"name": "APC SMX3000RMHV2UNC", "rating": 0, "rating_count": 0, "price_usd": 1820.43, "capacity_(w)": "2700 W", "capacity_(va)": "3000 VA"}, {"name": "CyberPower EC650LCD", "rating": 0, "rating_count": 0, "price_usd": 77.95, "capacity_(w)": "390 W", "capacity_(va)": "650 VA"}, {"name": "APC SRT6KXLT", "rating": 0, "rating_count": 0, "price_usd": 4164.0, "capacity_(w)": "6000 W", "capacity_(va)": "6000 VA"}, {"name": "APC BE650G1", "rating": 0, "rating_count": 0, "price_usd": 79.98, "capacity_(w)": "390 W", "capacity_(va)": "650 VA"}, {"name": "APC SRT5KXLI", "rating": 0, "rating_count": 0, "price_usd": 4158.5, "capacity_(w)": "4500 W", "capacity_(va)": "5000 VA"}, {"name": "CyberPower BRG1500AVRLCD", "rating": 0, "rating_count": 0, "price_usd": 199.95, "capacity_(w)": "900 W", "capacity_(va)": "1500 VA"}, {"name": "APC BR1300G", "rating": 4, "rating_count": 1, "price_usd": 399.0, "capacity_(w)": "780 W", "capacity_(va)": "1300 VA"}, {"name": "APC SMT2200US", "rating": 0, "rating_count": 0, "price_usd": 1196.92, "capacity_(w)": "1980 W", "capacity_(va)": "2200 VA"}, {"name": "CyberPower PR5000LCDRTXL5U", "rating": 0, "rating_count": 0, "price_usd": 1995.95, "capacity_(w)": "4000 W", "capacity_(va)": "5000 VA"}, {"name": "CyberPower GX1325U", "rating": 0, "rating_count": 0, "price_usd": 180.0, "capacity_(w)": "810 W", "capacity_(va)": "1325 VA"}, {"name": "APC SMX1500RMI2UNC", "rating": 0, "rating_count": 0, "price_usd": 1599.99, "capacity_(w)": "1200 W", "capacity_(va)": "1500 VA"}, {"name": "CyberPower PR3000LCDRTXL2UTAA", "rating": 0, "rating_count": 0, "price_usd": 1019.95, "capacity_(w)": "2400 W", "capacity_(va)": "3000 VA"}, {"name": "APC BX1000G", "rating": 0, "rating_count": 0, "price_usd": null, "capacity_(w)": "600 W", "capacity_(va)": "1000 VA"}, {"name": "APC BX600CI-IN", "rating": 0, "rating_count": 0, "price_usd": null, "capacity_(w)": "360 W", "capacity_(va)": "600 VA"}, {"name": "APC SMX3000RMLV2UNC", "rating": 0, "rating_count": 0, "price_usd": 1897.0, "capacity_(w)": "2700 W", "capacity_(va)": "3000 VA"}, {"name": "Tripp Lite SMART1300LCDT", "rating": 0, "rating_count": 0, "price_usd": 159.99, "capacity_(w)": "720 W", "capacity_(va)": "1300 VA"}, {"name": "CyberPower EC750G", "rating": 0, "rating_count": 0, "price_usd": null, "capacity_(w)": "450 W", "capacity_(va)": "750 VA"}, {"name": "APC SMC1500", "rating": 0, "rating_count": 0, "price_usd": 499.0, "capacity_(w)": "900 W", "capacity_(va)": "1500 VA"}, {"name": "APC SURT6000XLT", "rating": 0, "rating_count": 0, "price_usd": 5999.99, "capacity_(w)": "4200 W", "capacity_(va)": "6000 VA"}, {"name": "CyberPower CP425SLG", "rating": 0, "rating_count": 0, "price_usd": 48.95, "capacity_(w)": "255 W", "capacity_(va)": "425 VA"}, {"name": "CyberPower AVRG900U", "rating": 0, "rating_count": 0, "price_usd": 89.95, "capacity_(w)": "480 W", "capacity_(va)": "900 VA"}, {"name": "CyberPower CP825LCD", "rating": 0, "rating_count": 0, "price_usd": 89.95, "capacity_(w)": "450 W", "capacity_(va)": "825 VA"}, {"name": "Tripp Lite OMNI1500LCDT", "rating": 0, "rating_count": 0, "price_usd": 144.31, "capacity_(w)": "810 W", "capacity_(va)": "1500 VA"}, {"name": "CyberPower PR1500LCDRT2U", "rating": 0, "rating_count": 0, "price_usd": 515.95, "capacity_(w)": "1350 W", "capacity_(va)": "1500 VA"}, {"name": "APC BR500CI-AS", "rating": 0, "rating_count": 0, "price_usd": 59.99, "capacity_(w)": "300 W", "capacity_(va)": "500 VA"}, {"name": "APC SMT2200", "rating": 0, "rating_count": 0, "price_usd": 1289.0, "capacity_(w)": "1980 W", "capacity_(va)": "2200 VA"}, {"name": "APC BN1100M2", "rating": 5, "rating_count": 1, "price_usd": 169.9, "capacity_(w)": "600 W", "capacity_(va)": "1100 VA"}, {"name": "CyberPower CP900AVR", "rating": 0, "rating_count": 0, "price_usd": 119.95, "capacity_(w)": "560 W", "capacity_(va)": "900 VA"}, {"name": "CyberPower OR1500LCDRTXL2U", "rating": 0, "rating_count": 0, "price_usd": 469.95, "capacity_(w)": "1125 W", "capacity_(va)": "1500 VA"}, {"name": "APC SMT2200I", "rating": 0, "rating_count": 0, "price_usd": 1199.98, "capacity_(w)": "1980 W", "capacity_(va)": "2200 VA"}, {"name": "CyberPower PR1500LCDTAA", "rating": 0, "rating_count": 0, "price_usd": 459.95, "capacity_(w)": "1050 W", "capacity_(va)": "1500 VA"}, {"name": "APC BX1300G", "rating": 5, "rating_count": 3, "price_usd": null, "capacity_(w)": "780 W", "capacity_(va)": "1300 VA"}, {"name": "CyberPower LX1500GU-FC", "rating": 0, "rating_count": 0, "price_usd": null, "capacity_(w)": "900 W", "capacity_(va)": "1500 VA"}, {"name": "APC BK325I", "rating": 0, "rating_count": 0, "price_usd": 79.99, "capacity_(w)": "210 W", "capacity_(va)": "325 VA"}, {"name": "HP AF451A", "rating": 0, "rating_count": 0, "price_usd": 748.5, "capacity_(w)": "950 W", "capacity_(va)": "1400 VA"}, {"name": "CyberPower PR1500LCD", "rating": 0, "rating_count": 0, "price_usd": 489.95, "capacity_(w)": "1050 W", "capacity_(va)": "1500 VA"}, {"name": "CyberPower CP750LCD", "rating": 0, "rating_count": 0, "price_usd": 79.95, "capacity_(w)": "420 W", "capacity_(va)": "750 VA"}, {"name": "APC BK500", "rating": 0, "rating_count": 0, "price_usd": 114.99, "capacity_(w)": "300 W", "capacity_(va)": "500 VA"}, {"name": "APC SMX1500RMI2U", "rating": 0, "rating_count": 0, "price_usd": 899.95, "capacity_(w)": "1200 W", "capacity_(va)": "1500 VA"}, {"name": "APC BR550GI", "rating": 0, "rating_count": 0, "price_usd": 247.66, "capacity_(w)": "330 W", "capacity_(va)": "550 VA"}, {"name": "Tripp Lite SMART2200SLT", "rating": 0, "rating_count": 0, "price_usd": 772.99, "capacity_(w)": "1600 W", "capacity_(va)": "2200 VA"}, {"name": "CyberPower BRG1000AVRLCD", "rating": 0, "rating_count": 0, "price_usd": 149.94, "capacity_(w)": "600 W", "capacity_(va)": "1000 VA"}, {"name": "APC BK350EI", "rating": 0, "rating_count": 0, "price_usd": null, "capacity_(w)": "210 W", "capacity_(va)": "350 VA"}, {"name": "APC SMT1500I", "rating": 0, "rating_count": 0, "price_usd": 693.0, "capacity_(w)": "980 W", "capacity_(va)": "1500 VA"}, {"name": "APC BK650EI", "rating": 0, "rating_count": 0, "price_usd": null, "capacity_(w)": "400 W", "capacity_(va)": "650 VA"}, {"name": "APC SMX3000LVNC", "rating": 0, "rating_count": 0, "price_usd": 1651.0, "capacity_(w)": "2700 W", "capacity_(va)": "3000 VA"}, {"name": "CyberPower PR5000LCDRTXL5UTAA", "rating": 0, "rating_count": 0, "price_usd": 2383.95, "capacity_(w)": "4000 W", "capacity_(va)": "5000 VA"}, {"name": "APC BR1000MS", "rating": 0, "rating_count": 0, "price_usd": 149.99, "capacity_(w)": "600 W", "capacity_(va)": "1000 VA"}, {"name": "APC SUA2200", "rating": 0, "rating_count": 0, "price_usd": 1388.99, "capacity_(w)": "1980 W", "capacity_(va)": "2200 VA"}, {"name": "Tripp Lite SMX1500LCDT", "rating": 0, "rating_count": 0, "price_usd": 250.99, "capacity_(w)": "900 W", "capacity_(va)": "1500 VA"}, {"name": "CyberPower CP1500AVRT", "rating": 0, "rating_count": 0, "price_usd": 184.95, "capacity_(w)": "900 W", "capacity_(va)": "1500 VA"}, {"name": "CyberPower OR2200PFCRT2U", "rating": 0, "rating_count": 0, "price_usd": 914.99, "capacity_(w)": "1320 W", "capacity_(va)": "2000 VA"}, {"name": "APC SUA3000", "rating": 0, "rating_count": 0, "price_usd": 1149.0, "capacity_(w)": "2700 W", "capacity_(va)": "3000 VA"}, {"name": "APC BE750BB", "rating": 5, "rating_count": 1, "price_usd": 149.99, "capacity_(w)": "450 W", "capacity_(va)": "750 VA"}, {"name": "APC BE750G", "rating": 5, "rating_count": 1, "price_usd": 213.99, "capacity_(w)": "450 W", "capacity_(va)": "750 VA"}, {"name": "APC SMX3000LV", "rating": 0, "rating_count": 0, "price_usd": 1345.0, "capacity_(w)": "2700 W", "capacity_(va)": "3000 VA"}, {"name": "APC SRT5KXLT", "rating": 0, "rating_count": 0, "price_usd": 3892.92, "capacity_(w)": "4250 W", "capacity_(va)": "5000 VA"}, {"name": "APC BE400-GR", "rating": 0, "rating_count": 0, "price_usd": 208.0, "capacity_(w)": "240 W", "capacity_(va)": "400 VA"}, {"name": "APC BE650G1-LM", "rating": 0, "rating_count": 0, "price_usd": 101.0, "capacity_(w)": "390 W", "capacity_(va)": "650 VA"}, {"name": "CyberPower CP1500AVRLCD", "rating": 5, "rating_count": 12, "price_usd": 159.95, "capacity_(w)": "900 W", "capacity_(va)": "1500 VA"}, {"name": "APC SRT5KRMXLW-HW", "rating": 0, "rating_count": 0, "price_usd": 10867.0, "capacity_(w)": "4500 W", "capacity_(va)": "5000 VA"}, {"name": "CyberPower CP1500PFCLCD", "rating": 4, "rating_count": 8, "price_usd": 219.95, "capacity_(w)": "1000 W", "capacity_(va)": "1500 VA"}, {"name": "APC SURT20KRMXLT", "rating": 0, "rating_count": 0, "price_usd": null, "capacity_(w)": "16000 W", "capacity_(va)": "20000 VA"}, {"name": "APC SRT10KRMXLI", "rating": 0, "rating_count": 0, "price_usd": 11097.0, "capacity_(w)": "10000 W", "capacity_(va)": "10000 VA"}, {"name": "APC BX1500M", "rating": 5, "rating_count": 4, "price_usd": 164.99, "capacity_(w)": "900 W", "capacity_(va)": "1500 VA"}, {"name": "APC SRT10KXLI", "rating": 0, "rating_count": 0, "price_usd": 8588.8, "capacity_(w)": "10000 W", "capacity_(va)": "10000 VA"}, {"name": "APC BR700G", "rating": 5, "rating_count": 1, "price_usd": 116.99, "capacity_(w)": "450 W", "capacity_(va)": "700 VA"}, {"name": "CyberPower PR3000LCD", "rating": 0, "rating_count": 0, "price_usd": 1009.95, "capacity_(w)": "2700 W", "capacity_(va)": "3000 VA"}, {"name": "APC SMT1500US", "rating": 5, "rating_count": 1, "price_usd": 834.0, "capacity_(w)": "1000 W", "capacity_(va)": "1440 VA"}, {"name": "CyberPower AVRG750U", "rating": 4, "rating_count": 2, "price_usd": 89.95, "capacity_(w)": "450 W", "capacity_(va)": "750 VA"}, {"name": "CyberPower CP350SLG", "rating": 0, "rating_count": 0, "price_usd": 42.95, "capacity_(w)": "255 W", "capacity_(va)": "350 VA"}, {"name": "CyberPower PR3000LCDSL", "rating": 0, "rating_count": 0, "price_usd": 969.95, "capacity_(w)": "2700 W", "capacity_(va)": "3000 VA"}, {"name": "APC SRT10KXLT", "rating": 0, "rating_count": 0, "price_usd": 6099.0, "capacity_(w)": "10000 W", "capacity_(va)": "10000 VA"}, {"name": "APC BR1500G", "rating": 5, "rating_count": 7, "price_usd": 225.99, "capacity_(w)": "865 W", "capacity_(va)": "1500 VA"}, {"name": "CyberPower CP1350AVRLCD", "rating": 5, "rating_count": 2, "price_usd": 149.95, "capacity_(w)": "810 W", "capacity_(va)": "1350 VA"}, {"name": "CyberPower EC850LCD", "rating": 5, "rating_count": 1, "price_usd": 88.95, "capacity_(w)": "510 W", "capacity_(va)": "850 VA"}, {"name": "APC BR1500MS2", "rating": 5, "rating_count": 1, "price_usd": 219.99, "capacity_(w)": "900 W", "capacity_(va)": "1500 VA"}, {"name": "CyberPower PR2200LCD", "rating": 0, "rating_count": 0, "price_usd": 849.95, "capacity_(w)": "1980 W", "capacity_(va)": "2200 VA"}, {"name": "APC SMT2200RMI2U", "rating": 0, "rating_count": 0, "price_usd": 455.89, "capacity_(w)": "1980 W", "capacity_(va)": "2200 VA"}, {"name": "APC SRT10KRMXLT", "rating": 0, "rating_count": 0, "price_usd": 5998.99, "capacity_(w)": "10000 W", "capacity_(va)": "10000 VA"}, {"name": "CyberPower CP1000AVRLCD", "rating": 3, "rating_count": 3, "price_usd": 129.95, "capacity_(w)": "600 W", "capacity_(va)": "1000 VA"}, {"name": "CyberPower CP550SLG", "rating": 4, "rating_count": 1, "price_usd": 56.95, "capacity_(w)": "330 W", "capacity_(va)": "550 VA"}, {"name": "CyberPower CP1000PFCLCD", "rating": 4, "rating_count": 6, "price_usd": 159.96, "capacity_(w)": "600 W", "capacity_(va)": "1000 VA"}, {"name": "CyberPower CP1300EPFCLCD", "rating": 0, "rating_count": 0, "price_usd": null, "capacity_(w)": "780 W", "capacity_(va)": "1300 VA"}, {"name": "CyberPower OR2200LCDRT2U", "rating": 0, "rating_count": 0, "price_usd": 499.96, "capacity_(w)": "1320 W", "capacity_(va)": "2000 VA"}, {"name": "CyberPower ST425", "rating": 0, "rating_count": 0, "price_usd": 46.95, "capacity_(w)": "260 W", "capacity_(va)": "425 VA"}, {"name": "APC BR1000G", "rating": 4, "rating_count": 4, "price_usd": 199.0, "capacity_(w)": "600 W", "capacity_(va)": "1000 VA"}, {"name": "CyberPower OR2200LCDRTXL2U", "rating": 0, "rating_count": 0, "price_usd": 609.95, "capacity_(w)": "1650 W", "capacity_(va)": "2190 VA"}, {"name": "APC BE670M1", "rating": 0, "rating_count": 0, "price_usd": 69.99, "capacity_(w)": "360 W", "capacity_(va)": "675 VA"}, {"name": "Tripp Lite SMART1500LCDT", "rating": 5, "rating_count": 2, "price_usd": 189.81, "capacity_(w)": "900 W", "capacity_(va)": "1500 VA"}, {"name": "CyberPower CP1200AVR", "rating": 0, "rating_count": 0, "price_usd": 144.95, "capacity_(w)": "720 W", "capacity_(va)": "1200 VA"}, {"name": "CyberPower CP1350PFCLCD", "rating": 4, "rating_count": 6, "price_usd": 199.95, "capacity_(w)": "810 W", "capacity_(va)": "1350 VA"}, {"name": "APC BE550G", "rating": 4, "rating_count": 3, "price_usd": 75.11, "capacity_(w)": "330 W", "capacity_(va)": "550 VA"}, {"name": "CyberPower CP850PFCLCD", "rating": 5, "rating_count": 1, "price_usd": 179.32, "capacity_(w)": "510 W", "capacity_(va)": "850 VA"}, {"name": "CyberPower PR2200LCDSL", "rating": 0, "rating_count": 0, "price_usd": 683.9, "capacity_(w)": "1980 W", "capacity_(va)": "2070 VA"}, {"name": "APC BE850G2", "rating": 0, "rating_count": 0, "price_usd": 106.99, "capacity_(w)": "450 W", "capacity_(va)": "850 VA"}, {"name": "APC BR1500MS", "rating": 5, "rating_count": 2, "price_usd": null, "capacity_(w)": "900 W", "capacity_(va)": "1500 VA"}, {"name": "Tripp Lite SU12000RT4UHW", "rating": 0, "rating_count": 0, "price_usd": 8345.0, "capacity_(w)": "8400 W", "capacity_(va)": "12000 VA"}, {"name": "APC BN650M1", "rating": 0, "rating_count": 0, "price_usd": 81.97, "capacity_(w)": "360 W", "capacity_(va)": "650 VA"}, {"name": "CyberPower GX1500U", "rating": 0, "rating_count": 0, "price_usd": 199.99, "capacity_(w)": "900 W", "capacity_(va)": "1500 VA"}, {"name": "APC SMX3000RMHV2UNC", "rating": 0, "rating_count": 0, "price_usd": 1820.43, "capacity_(w)": "2700 W", "capacity_(va)": "3000 VA"}, {"name": "CyberPower EC650LCD", "rating": 0, "rating_count": 0, "price_usd": 77.95, "capacity_(w)": "390 W", "capacity_(va)": "650 VA"}, {"name": "APC SRT6KXLT", "rating": 0, "rating_count": 0, "price_usd": 4164.0, "capacity_(w)": "6000 W", "capacity_(va)": "6000 VA"}, {"name": "APC BE650G1", "rating": 0, "rating_count": 0, "price_usd": 79.98, "capacity_(w)": "390 W", "capacity_(va)": "650 VA"}, {"name": "APC SRT5KXLI", "rating": 0, "rating_count": 0, "price_usd": 4158.5, "capacity_(w)": "4500 W", "capacity_(va)": "5000 VA"}, {"name": "CyberPower BRG1500AVRLCD", "rating": 0, "rating_count": 0, "price_usd": 199.95, "capacity_(w)": "900 W", "capacity_(va)": "1500 VA"}, {"name": "APC BR1300G", "rating": 4, "rating_count": 1, "price_usd": 399.0, "capacity_(w)": "780 W", "capacity_(va)": "1300 VA"}, {"name": "APC SMT2200US", "rating": 0, "rating_count": 0, "price_usd": 1196.92, "capacity_(w)": "1980 W", "capacity_(va)": "2200 VA"}, {"name": "CyberPower PR5000LCDRTXL5U", "rating": 0, "rating_count": 0, "price_usd": 1995.95, "capacity_(w)": "4000 W", "capacity_(va)": "5000 VA"}, {"name": "CyberPower GX1325U", "rating": 0, "rating_count": 0, "price_usd": 180.0, "capacity_(w)": "810 W", "capacity_(va)": "1325 VA"}, {"name": "APC SMX1500RMI2UNC", "rating": 0, "rating_count": 0, "price_usd": 1599.99, "capacity_(w)": "1200 W", "capacity_(va)": "1500 VA"}, {"name": "CyberPower PR3000LCDRTXL2UTAA", "rating": 0, "rating_count": 0, "price_usd": 1019.95, "capacity_(w)": "2400 W", "capacity_(va)": "3000 VA"}, {"name": "APC BX1000G", "rating": 0, "rating_count": 0, "price_usd": null, "capacity_(w)": "600 W", "capacity_(va)": "1000 VA"}, {"name": "APC BX600CI-IN", "rating": 0, "rating_count": 0, "price_usd": null, "capacity_(w)": "360 W", "capacity_(va)": "600 VA"}, {"name": "APC SMX3000RMLV2UNC", "rating": 0, "rating_count": 0, "price_usd": 1897.0, "capacity_(w)": "2700 W", "capacity_(va)": "3000 VA"}, {"name": "Tripp Lite SMART1300LCDT", "rating": 0, "rating_count": 0, "price_usd": 159.99, "capacity_(w)": "720 W", "capacity_(va)": "1300 VA"}, {"name": "CyberPower EC750G", "rating": 0, "rating_count": 0, "price_usd": null, "capacity_(w)": "450 W", "capacity_(va)": "750 VA"}, {"name": "APC SMC1500", "rating": 0, "rating_count": 0, "price_usd": 499.0, "capacity_(w)": "900 W", "capacity_(va)": "1500 VA"}, {"name": "APC SURT6000XLT", "rating": 0, "rating_count": 0, "price_usd": 5999.99, "capacity_(w)": "4200 W", "capacity_(va)": "6000 VA"}, {"name": "CyberPower CP425SLG", "rating": 0, "rating_count": 0, "price_usd": 48.95, "capacity_(w)": "255 W", "capacity_(va)": "425 VA"}, {"name": "CyberPower AVRG900U", "rating": 0, "rating_count": 0, "price_usd": 89.95, "capacity_(w)": "480 W", "capacity_(va)": "900 VA"}, {"name": "CyberPower CP825LCD", "rating": 0, "rating_count": 0, "price_usd": 89.95, "capacity_(w)": "450 W", "capacity_(va)": "825 VA"}, {"name": "Tripp Lite OMNI1500LCDT", "rating": 0, "rating_count": 0, "price_usd": 144.31, "capacity_(w)": "810 W", "capacity_(va)": "1500 VA"}, {"name": "CyberPower PR1500LCDRT2U", "rating": 0, "rating_count": 0, "price_usd": 515.95, "capacity_(w)": "1350 W", "capacity_(va)": "1500 VA"}, {"name": "APC BR500CI-AS", "rating": 0, "rating_count": 0, "price_usd": 59.99, "capacity_(w)": "300 W", "capacity_(va)": "500 VA"}, {"name": "APC SMT2200", "rating": 0, "rating_count": 0, "price_usd": 1289.0, "capacity_(w)": "1980 W", "capacity_(va)": "2200 VA"}, {"name": "APC BN1100M2", "rating": 5, "rating_count": 1, "price_usd": 169.9, "capacity_(w)": "600 W", "capacity_(va)": "1100 VA"}, {"name": "CyberPower CP900AVR", "rating": 0, "rating_count": 0, "price_usd": 119.95, "capacity_(w)": "560 W", "capacity_(va)": "900 VA"}, {"name": "CyberPower OR1500LCDRTXL2U", "rating": 0, "rating_count": 0, "price_usd": 469.95, "capacity_(w)": "1125 W", "capacity_(va)": "1500 VA"}, {"name": "APC SMT2200I", "rating": 0, "rating_count": 0, "price_usd": 1199.98, "capacity_(w)": "1980 W", "capacity_(va)": "2200 VA"}, {"name": "CyberPower PR1500LCDTAA", "rating": 0, "rating_count": 0, "price_usd": 459.95, "capacity_(w)": "1050 W", "capacity_(va)": "1500 VA"}, {"name": "APC BX1300G", "rating": 5, "rating_count": 3, "price_usd": null, "capacity_(w)": "780 W", "capacity_(va)": "1300 VA"}, {"name": "CyberPower LX1500GU-FC", "rating": 0, "rating_count": 0, "price_usd": null, "capacity_(w)": "900 W", "capacity_(va)": "1500 VA"}, {"name": "APC BK325I", "rating": 0, "rating_count": 0, "price_usd": 79.99, "capacity_(w)": "210 W", "capacity_(va)": "325 VA"}, {"name": "HP AF451A", "rating": 0, "rating_count": 0, "price_usd": 748.5, "capacity_(w)": "950 W", "capacity_(va)": "1400 VA"}, {"name": "CyberPower PR1500LCD", "rating": 0, "rating_count": 0, "price_usd": 489.95, "capacity_(w)": "1050 W", "capacity_(va)": "1500 VA"}, {"name": "CyberPower CP750LCD", "rating": 0, "rating_count": 0, "price_usd": 79.95, "capacity_(w)": "420 W", "capacity_(va)": "750 VA"}, {"name": "APC BK500", "rating": 0, "rating_count": 0, "price_usd": 114.99, "capacity_(w)": "300 W", "capacity_(va)": "500 VA"}, {"name": "APC SMX1500RMI2U", "rating": 0, "rating_count": 0, "price_usd": 899.95, "capacity_(w)": "1200 W", "capacity_(va)": "1500 VA"}, {"name": "APC BR550GI", "rating": 0, "rating_count": 0, "price_usd": 247.66, "capacity_(w)": "330 W", "capacity_(va)": "550 VA"}, {"name": "Tripp Lite SMART2200SLT", "rating": 0, "rating_count": 0, "price_usd": 772.99, "capacity_(w)": "1600 W", "capacity_(va)": "2200 VA"}, {"name": "CyberPower BRG1000AVRLCD", "rating": 0, "rating_count": 0, "price_usd": 149.94, "capacity_(w)": "600 W", "capacity_(va)": "1000 VA"}, {"name": "APC BK350EI", "rating": 0, "rating_count": 0, "price_usd": null, "capacity_(w)": "210 W", "capacity_(va)": "350 VA"}, {"name": "APC SMT1500I", "rating": 0, "rating_count": 0, "price_usd": 693.0, "capacity_(w)": "980 W", "capacity_(va)": "1500 VA"}, {"name": "APC BK650EI", "rating": 0, "rating_count": 0, "price_usd": null, "capacity_(w)": "400 W", "capacity_(va)": "650 VA"}, {"name": "APC SMX3000LVNC", "rating": 0, "rating_count": 0, "price_usd": 1651.0, "capacity_(w)": "2700 W", "capacity_(va)": "3000 VA"}, {"name": "CyberPower PR5000LCDRTXL5UTAA", "rating": 0, "rating_count": 0, "price_usd": 2383.95, "capacity_(w)": "4000 W", "capacity_(va)": "5000 VA"}, {"name": "APC BR1000MS", "rating": 0, "rating_count": 0, "price_usd": 149.99, "capacity_(w)": "600 W", "capacity_(va)": "1000 VA"}, {"name": "APC SUA2200", "rating": 0, "rating_count": 0, "price_usd": 1388.99, "capacity_(w)": "1980 W", "capacity_(va)": "2200 VA"}, {"name": "Tripp Lite SMX1500LCDT", "rating": 0, "rating_count": 0, "price_usd": 250.99, "capacity_(w)": "900 W", "capacity_(va)": "1500 VA"}, {"name": "CyberPower CP1500AVRT", "rating": 0, "rating_count": 0, "price_usd": 184.95, "capacity_(w)": "900 W", "capacity_(va)": "1500 VA"}, {"name": "CyberPower OR2200PFCRT2U", "rating": 0, "rating_count": 0, "price_usd": 914.99, "capacity_(w)": "1320 W", "capacity_(va)": "2000 VA"}, {"name": "APC SUA3000", "rating": 0, "rating_count": 0, "price_usd": 1149.0, "capacity_(w)": "2700 W", "capacity_(va)": "3000 VA"}, {"name": "APC BE750BB", "rating": 5, "rating_count": 1, "price_usd": 149.99, "capacity_(w)": "450 W", "capacity_(va)": "750 VA"}, {"name": "APC BE750G", "rating": 5, "rating_count": 1, "price_usd": 213.99, "capacity_(w)": "450 W", "capacity_(va)": "750 VA"}, {"name": "APC SMX3000LV", "rating": 0, "rating_count": 0, "price_usd": 1345.0, "capacity_(w)": "2700 W", "capacity_(va)": "3000 VA"}, {"name": "APC SRT5KXLT", "rating": 0, "rating_count": 0, "price_usd": 3892.92, "capacity_(w)": "4250 W", "capacity_(va)": "5000 VA"}, {"name": "APC BE400-GR", "rating": 0, "rating_count": 0, "price_usd": 208.0, "capacity_(w)": "240 W", "capacity_(va)": "400 VA"}, {"name": "APC BE650G1-LM", "rating": 0, "rating_count": 0, "price_usd": 101.0, "capacity_(w)": "390 W", "capacity_(va)": "650 VA"}, {"name": "CyberPower CP1500AVRLCD", "rating": 5, "rating_count": 12, "price_usd": 159.95, "capacity_(w)": "900 W", "capacity_(va)": "1500 VA"}, {"name": "APC SRT5KRMXLW-HW", "rating": 0, "rating_count": 0, "price_usd": 10867.0, "capacity_(w)": "4500 W", "capacity_(va)": "5000 VA"}, {"name": "CyberPower CP1500PFCLCD", "rating": 4, "rating_count": 8, "price_usd": 219.95, "capacity_(w)": "1000 W", "capacity_(va)": "1500 VA"}, {"name": "APC SURT20KRMXLT", "rating": 0, "rating_count": 0, "price_usd": null, "capacity_(w)": "16000 W", "capacity_(va)": "20000 VA"}, {"name": "APC SRT10KRMXLI", "rating": 0, "rating_count": 0, "price_usd": 11097.0, "capacity_(w)": "10000 W", "capacity_(va)": "10000 VA"}, {"name": "APC BX1500M", "rating": 5, "rating_count": 4, "price_usd": 164.99, "capacity_(w)": "900 W", "capacity_(va)": "1500 VA"}, {"name": "APC SRT10KXLI", "rating": 0, "rating_count": 0, "price_usd": 8588.8, "capacity_(w)": "10000 W", "capacity_(va)": "10000 VA"}, {"name": "APC BR700G", "rating": 5, "rating_count": 1, "price_usd": 116.99, "capacity_(w)": "450 W", "capacity_(va)": "700 VA"}, {"name": "CyberPower PR3000LCD", "rating": 0, "rating_count": 0, "price_usd": 1009.95, "capacity_(w)": "2700 W", "capacity_(va)": "3000 VA"}, {"name": "APC SMT1500US", "rating": 5, "rating_count": 1, "price_usd": 834.0, "capacity_(w)": "1000 W", "capacity_(va)": "1440 VA"}, {"name": "CyberPower AVRG750U", "rating": 4, "rating_count": 2, "price_usd": 89.95, "capacity_(w)": "450 W", "capacity_(va)": "750 VA"}, {"name": "CyberPower CP350SLG", "rating": 0, "rating_count": 0, "price_usd": 42.95, "capacity_(w)": "255 W", "capacity_(va)": "350 VA"}, {"name": "CyberPower PR3000LCDSL", "rating": 0, "rating_count": 0, "price_usd": 969.95, "capacity_(w)": "2700 W", "capacity_(va)": "3000 VA"}, {"name": "APC SRT10KXLT", "rating": 0, "rating_count": 0, "price_usd": 6099.0, "capacity_(w)": "10000 W", "capacity_(va)": "10000 VA"}, {"name": "APC BR1500G", "rating": 5, "rating_count": 7, "price_usd": 225.99, "capacity_(w)": "865 W", "capacity_(va)": "1500 VA"}, {"name": "CyberPower CP1350AVRLCD", "rating": 5, "rating_count": 2, "price_usd": 149.95, "capacity_(w)": "810 W", "capacity_(va)": "1350 VA"}, {"name": "CyberPower EC850LCD", "rating": 5, "rating_count": 1, "price_usd": 88.95, "capacity_(w)": "510 W", "capacity_(va)": "850 VA"}, {"name": "APC BR1500MS2", "rating": 5, "rating_count": 1, "price_usd": 219.99, "capacity_(w)": "900 W", "capacity_(va)": "1500 VA"}, {"name": "CyberPower PR2200LCD", "rating": 0, "rating_count": 0, "price_usd": 849.95, "capacity_(w)": "1980 W", "capacity_(va)": "2200 VA"}, {"name": "APC SMT2200RMI2U", "rating": 0, "rating_count": 0, "price_usd": 455.89, "capacity_(w)": "1980 W", "capacity_(va)": "2200 VA"}, {"name": "APC SRT10KRMXLT", "rating": 0, "rating_count": 0, "price_usd": 5998.99, "capacity_(w)": "10000 W", "capacity_(va)": "10000 VA"}, {"name": "CyberPower CP1000AVRLCD", "rating": 3, "rating_count": 3, "price_usd": 129.95, "capacity_(w)": "600 W", "capacity_(va)": "1000 VA"}, {"name": "CyberPower CP550SLG", "rating": 4, "rating_count": 1, "price_usd": 56.95, "capacity_(w)": "330 W", "capacity_(va)": "550 VA"}, {"name": "CyberPower CP1000PFCLCD", "rating": 4, "rating_count": 6, "price_usd": 159.96, "capacity_(w)": "600 W", "capacity_(va)": "1000 VA"}, {"name": "CyberPower CP1300EPFCLCD", "rating": 0, "rating_count": 0, "price_usd": null, "capacity_(w)": "780 W", "capacity_(va)": "1300 VA"}, {"name": "CyberPower OR2200LCDRT2U", "rating": 0, "rating_count": 0, "price_usd": 499.96, "capacity_(w)": "1320 W", "capacity_(va)": "2000 VA"}, {"name": "CyberPower ST425", "rating": 0, "rating_count": 0, "price_usd": 46.95, "capacity_(w)": "260 W", "capacity_(va)": "425 VA"}, {"name": "APC BR1000G", "rating": 4, "rating_count": 4, "price_usd": 199.0, "capacity_(w)": "600 W", "capacity_(va)": "1000 VA"}, {"name": "CyberPower OR2200LCDRTXL2U", "rating": 0, "rating_count": 0, "price_usd": 609.95, "capacity_(w)": "1650 W", "capacity_(va)": "2190 VA"}, {"name": "APC BE670M1", "rating": 0, "rating_count": 0, "price_usd": 69.99, "capacity_(w)": "360 W", "capacity_(va)": "675 VA"}, {"name": "Tripp Lite SMART1500LCDT", "rating": 5, "rating_count": 2, "price_usd": 189.81, "capacity_(w)": "900 W", "capacity_(va)": "1500 VA"}, {"name": "CyberPower CP1200AVR", "rating": 0, "rating_count": 0, "price_usd": 144.95, "capacity_(w)": "720 W", "capacity_(va)": "1200 VA"}, {"name": "CyberPower CP1350PFCLCD", "rating": 4, "rating_count": 6, "price_usd": 199.95, "capacity_(w)": "810 W", "capacity_(va)": "1350 VA"}, {"name": "APC BE550G", "rating": 4, "rating_count": 3, "price_usd": 75.11, "capacity_(w)": "330 W", "capacity_(va)": "550 VA"}, {"name": "CyberPower CP850PFCLCD", "rating": 5, "rating_count": 1, "price_usd": 179.32, "capacity_(w)": "510 W", "capacity_(va)": "850 VA"}, {"name": "CyberPower PR2200LCDSL", "rating": 0, "rating_count": 0, "price_usd": 683.9, "capacity_(w)": "1980 W", "capacity_(va)": "2070 VA"}, {"name": "APC BE850G2", "rating": 0, "rating_count": 0, "price_usd": 106.99, "capacity_(w)": "450 W", "capacity_(va)": "850 VA"}, {"name": "APC BR1500MS", "rating": 5, "rating_count": 2, "price_usd": null, "capacity_(w)": "900 W", "capacity_(va)": "1500 VA"}, {"name": "Tripp Lite SU12000RT4UHW", "rating": 0, "rating_count": 0, "price_usd": 8345.0, "capacity_(w)": "8400 W", "capacity_(va)": "12000 VA"}, {"name": "APC BN650M1", "rating": 0, "rating_count": 0, "price_usd": 81.97, "capacity_(w)": "360 W", "capacity_(va)": "650 VA"}, {"name": "CyberPower GX1500U", "rating": 0, "rating_count": 0, "price_usd": 199.99, "capacity_(w)": "900 W", "capacity_(va)": "1500 VA"}, {"name": "APC SMX3000RMHV2UNC", "rating": 0, "rating_count": 0, "price_usd": 1820.43, "capacity_(w)": "2700 W", "capacity_(va)": "3000 VA"}, {"name": "CyberPower EC650LCD", "rating": 0, "rating_count": 0, "price_usd": 77.95, "capacity_(w)": "390 W", "capacity_(va)": "650 VA"}, {"name": "APC SRT6KXLT", "rating": 0, "rating_count": 0, "price_usd": 4164.0, "capacity_(w)": "6000 W", "capacity_(va)": "6000 VA"}, {"name": "APC BE650G1", "rating": 0, "rating_count": 0, "price_usd": 79.98, "capacity_(w)": "390 W", "capacity_(va)": "650 VA"}, {"name": "APC SRT5KXLI", "rating": 0, "rating_count": 0, "price_usd": 4158.5, "capacity_(w)": "4500 W", "capacity_(va)": "5000 VA"}, {"name": "CyberPower BRG1500AVRLCD", "rating": 0, "rating_count": 0, "price_usd": 199.95, "capacity_(w)": "900 W", "capacity_(va)": "1500 VA"}, {"name": "APC BR1300G", "rating": 4, "rating_count": 1, "price_usd": 399.0, "capacity_(w)": "780 W", "capacity_(va)": "1300 VA"}, {"name": "APC SMT2200US", "rating": 0, "rating_count": 0, "price_usd": 1196.92, "capacity_(w)": "1980 W", "capacity_(va)": "2200 VA"}, {"name": "CyberPower PR5000LCDRTXL5U", "rating": 0, "rating_count": 0, "price_usd": 1995.95, "capacity_(w)": "4000 W", "capacity_(va)": "5000 VA"}, {"name": "CyberPower GX1325U", "rating": 0, "rating_count": 0, "price_usd": 180.0, "capacity_(w)": "810 W", "capacity_(va)": "1325 VA"}, {"name": "APC SMX1500RMI2UNC", "rating": 0, "rating_count": 0, "price_usd": 1599.99, "capacity_(w)": "1200 W", "capacity_(va)": "1500 VA"}, {"name": "CyberPower PR3000LCDRTXL2UTAA", "rating": 0, "rating_count": 0, "price_usd": 1019.95, "capacity_(w)": "2400 W", "capacity_(va)": "3000 VA"}, {"name": "APC BX1000G", "rating": 0, "rating_count": 0, "price_usd": null, "capacity_(w)": "600 W", "capacity_(va)": "1000 VA"}, {"name": "APC BX600CI-IN", "rating": 0, "rating_count": 0, "price_usd": null, "capacity_(w)": "360 W", "capacity_(va)": "600 VA"}, {"name": "APC SMX3000RMLV2UNC", "rating": 0, "rating_count": 0, "price_usd": 1897.0, "capacity_(w)": "2700 W", "capacity_(va)": "3000 VA"}, {"name": "Tripp Lite SMART1300LCDT", "rating": 0, "rating_count": 0, "price_usd": 159.99, "capacity_(w)": "720 W", "capacity_(va)": "1300 VA"}, {"name": "CyberPower EC750G", "rating": 0, "rating_count": 0, "price_usd": null, "capacity_(w)": "450 W", "capacity_(va)": "750 VA"}, {"name": "APC SMC1500", "rating": 0, "rating_count": 0, "price_usd": 499.0, "capacity_(w)": "900 W", "capacity_(va)": "1500 VA"}, {"name": "APC SURT6000XLT", "rating": 0, "rating_count": 0, "price_usd": 5999.99, "capacity_(w)": "4200 W", "capacity_(va)": "6000 VA"}, {"name": "CyberPower CP425SLG", "rating": 0, "rating_count": 0, "price_usd": 48.95, "capacity_(w)": "255 W", "capacity_(va)": "425 VA"}, {"name": "CyberPower AVRG900U", "rating": 0, "rating_count": 0, "price_usd": 89.95, "capacity_(w)": "480 W", "capacity_(va)": "900 VA"}, {"name": "CyberPower CP825LCD", "rating": 0, "rating_count": 0, "price_usd": 89.95, "capacity_(w)": "450 W", "capacity_(va)": "825 VA"}, {"name": "Tripp Lite OMNI1500LCDT", "rating": 0, "rating_count": 0, "price_usd": 144.31, "capacity_(w)": "810 W", "capacity_(va)": "1500 VA"}, {"name": "CyberPower PR1500LCDRT2U", "rating": 0, "rating_count": 0, "price_usd": 515.95, "capacity_(w)": "1350 W", "capacity_(va)": "1500 VA"}, {"name": "APC BR500CI-AS", "rating": 0, "rating_count": 0, "price_usd": 59.99, "capacity_(w)": "300 W", "capacity_(va)": "500 VA"}, {"name": "APC SMT2200", "rating": 0, "rating_count": 0, "price_usd": 1289.0, "capacity_(w)": "1980 W", "capacity_(va)": "2200 VA"}, {"name": "APC BN1100M2", "rating": 5, "rating_count": 1, "price_usd": 169.9, "capacity_(w)": "600 W", "capacity_(va)": "1100 VA"}, {"name": "CyberPower CP900AVR", "rating": 0, "rating_count": 0, "price_usd": 119.95, "capacity_(w)": "560 W", "capacity_(va)": "900 VA"}, {"name": "CyberPower OR1500LCDRTXL2U", "rating": 0, "rating_count": 0, "price_usd": 469.95, "capacity_(w)": "1125 W", "capacity_(va)": "1500 VA"}, {"name": "APC SMT2200I", "rating": 0, "rating_count": 0, "price_usd": 1199.98, "capacity_(w)": "1980 W", "capacity_(va)": "2200 VA"}, {"name": "CyberPower PR1500LCDTAA", "rating": 0, "rating_count": 0, "price_usd": 459.95, "capacity_(w)": "1050 W", "capacity_(va)": "1500 VA"}, {"name": "APC BX1300G", "rating": 5, "rating_count": 3, "price_usd": null, "capacity_(w)": "780 W", "capacity_(va)": "1300 VA"}, {"name": "CyberPower LX1500GU-FC", "rating": 0, "rating_count": 0, "price_usd": null, "capacity_(w)": "900 W", "capacity_(va)": "1500 VA"}, {"name": "APC BK325I", "rating": 0, "rating_count": 0, "price_usd": 79.99, "capacity_(w)": "210 W", "capacity_(va)": "325 VA"}, {"name": "HP AF451A", "rating": 0, "rating_count": 0, "price_usd": 748.5, "capacity_(w)": "950 W", "capacity_(va)": "1400 VA"}, {"name": "CyberPower PR1500LCD", "rating": 0, "rating_count": 0, "price_usd": 489.95, "capacity_(w)": "1050 W", "capacity_(va)": "1500 VA"}, {"name": "CyberPower CP750LCD", "rating": 0, "rating_count": 0, "price_usd": 79.95, "capacity_(w)": "420 W", "capacity_(va)": "750 VA"}, {"name": "APC BK500", "rating": 0, "rating_count": 0, "price_usd": 114.99, "capacity_(w)": "300 W", "capacity_(va)": "500 VA"}, {"name": "APC SMX1500RMI2U", "rating": 0, "rating_count": 0, "price_usd": 899.95, "capacity_(w)": "1200 W", "capacity_(va)": "1500 VA"}, {"name": "APC BR550GI", "rating": 0, "rating_count": 0, "price_usd": 247.66, "capacity_(w)": "330 W", "capacity_(va)": "550 VA"}, {"name": "Tripp Lite SMART2200SLT", "rating": 0, "rating_count": 0, "price_usd": 772.99, "capacity_(w)": "1600 W", "capacity_(va)": "2200 VA"}, {"name": "CyberPower BRG1000AVRLCD", "rating": 0, "rating_count": 0, "price_usd": 149.94, "capacity_(w)": "600 W", "capacity_(va)": "1000 VA"}, {"name": "APC BK350EI", "rating": 0, "rating_count": 0, "price_usd": null, "capacity_(w)": "210 W", "capacity_(va)": "350 VA"}, {"name": "APC SMT1500I", "rating": 0, "rating_count": 0, "price_usd": 693.0, "capacity_(w)": "980 W", "capacity_(va)": "1500 VA"}, {"name": "APC BK650EI", "rating": 0, "rating_count": 0, "price_usd": null, "capacity_(w)": "400 W", "capacity_(va)": "650 VA"}, {"name": "APC SMX3000LVNC", "rating": 0, "rating_count": 0, "price_usd": 1651.0, "capacity_(w)": "2700 W", "capacity_(va)": "3000 VA"}, {"name": "CyberPower PR5000LCDRTXL5UTAA", "rating": 0, "rating_count": 0, "price_usd": 2383.95, "capacity_(w)": "4000 W", "capacity_(va)": "5000 VA"}, {"name": "APC BR1000MS", "rating": 0, "rating_count": 0, "price_usd": 149.99, "capacity_(w)": "600 W", "capacity_(va)": "1000 VA"}, {"name": "APC SUA2200", "rating": 0, "rating_count": 0, "price_usd": 1388.99, "capacity_(w)": "1980 W", "capacity_(va)": "2200 VA"}, {"name": "Tripp Lite SMX1500LCDT", "rating": 0, "rating_count": 0, "price_usd": 250.99, "capacity_(w)": "900 W", "capacity_(va)": "1500 VA"}, {"name": "CyberPower CP1500AVRT", "rating": 0, "rating_count": 0, "price_usd": 184.95, "capacity_(w)": "900 W", "capacity_(va)": "1500 VA"}, {"name": "CyberPower OR2200PFCRT2U", "rating": 0, "rating_count": 0, "price_usd": 914.99, "capacity_(w)": "1320 W", "capacity_(va)": "2000 VA"}, {"name": "APC SUA3000", "rating": 0, "rating_count": 0, "price_usd": 1149.0, "capacity_(w)": "2700 W", "capacity_(va)": "3000 VA"}, {"name": "APC BE750BB", "rating": 5, "rating_count": 1, "price_usd": 149.99, "capacity_(w)": "450 W", "capacity_(va)": "750 VA"}, {"name": "APC BE750G", "rating": 5, "rating_count": 1, "price_usd": 213.99, "capacity_(w)": "450 W", "capacity_(va)": "750 VA"}, {"name": "APC SMX3000LV", "rating": 0, "rating_count": 0, "price_usd": 1345.0, "capacity_(w)": "2700 W", "capacity_(va)": "3000 VA"}, {"name": "APC SRT5KXLT", "rating": 0, "rating_count": 0, "price_usd": 3892.92, "capacity_(w)": "4250 W", "capacity_(va)": "5000 VA"}, {"name": "APC BE400-GR", "rating": 0, "rating_count": 0, "price_usd": 208.0, "capacity_(w)": "240 W", "capacity_(va)": "400 VA"}, {"name": "APC BE650G1-LM", "rating": 0, "rating_count": 0, "price_usd": 101.0, "capacity_(w)": "390 W", "capacity_(va)": "650 VA"}, {"name": "CyberPower CP1500AVRLCD", "rating": 5, "rating_count": 12, "price_usd": 159.95, "capacity_(w)": "900 W", "capacity_(va)": "1500 VA"}, {"name": "APC SRT5KRMXLW-HW", "rating": 0, "rating_count": 0, "price_usd": 10867.0, "capacity_(w)": "4500 W", "capacity_(va)": "5000 VA"}, {"name": "CyberPower CP1500PFCLCD", "rating": 4, "rating_count": 8, "price_usd": 219.95, "capacity_(w)": "1000 W", "capacity_(va)": "1500 VA"}, {"name": "APC SURT20KRMXLT", "rating": 0, "rating_count": 0, "price_usd": null, "capacity_(w)": "16000 W", "capacity_(va)": "20000 VA"}, {"name": "APC SRT10KRMXLI", "rating": 0, "rating_count": 0, "price_usd": 11097.0, "capacity_(w)": "10000 W", "capacity_(va)": "10000 VA"}, {"name": "APC BX1500M", "rating": 5, "rating_count": 4, "price_usd": 164.99, "capacity_(w)": "900 W", "capacity_(va)": "1500 VA"}, {"name": "APC SRT10KXLI", "rating": 0, "rating_count": 0, "price_usd": 8588.8, "capacity_(w)": "10000 W", "capacity_(va)": "10000 VA"}, {"name": "APC BR700G", "rating": 5, "rating_count": 1, "price_usd": 116.99, "capacity_(w)": "450 W", "capacity_(va)": "700 VA"}, {"name": "CyberPower PR3000LCD", "rating": 0, "rating_count": 0, "price_usd": 1009.95, "capacity_(w)": "2700 W", "capacity_(va)": "3000 VA"}, {"name": "APC SMT1500US", "rating": 5, "rating_count": 1, "price_usd": 834.0, "capacity_(w)": "1000 W", "capacity_(va)": "1440 VA"}, {"name": "CyberPower AVRG750U", "rating": 4, "rating_count": 2, "price_usd": 89.95, "capacity_(w)": "450 W", "capacity_(va)": "750 VA"}, {"name": "CyberPower CP350SLG", "rating": 0, "rating_count": 0, "price_usd": 42.95, "capacity_(w)": "255 W", "capacity_(va)": "350 VA"}, {"name": "CyberPower PR3000LCDSL", "rating": 0, "rating_count": 0, "price_usd": 969.95, "capacity_(w)": "2700 W", "capacity_(va)": "3000 VA"}, {"name": "APC SRT10KXLT", "rating": 0, "rating_count": 0, "price_usd": 6099.0, "capacity_(w)": "10000 W", "capacity_(va)": "10000 VA"}, {"name": "APC BR1500G", "rating": 5, "rating_count": 7, "price_usd": 225.99, "capacity_(w)": "865 W", "capacity_(va)": "1500 VA"}, {"name": "CyberPower CP1350AVRLCD", "rating": 5, "rating_count": 2, "price_usd": 149.95, "capacity_(w)": "810 W", "capacity_(va)": "1350 VA"}, {"name": "CyberPower EC850LCD", "rating": 5, "rating_count": 1, "price_usd": 88.95, "capacity_(w)": "510 W", "capacity_(va)": "850 VA"}, {"name": "APC BR1500MS2", "rating": 5, "rating_count": 1, "price_usd": 219.99, "capacity_(w)": "900 W", "capacity_(va)": "1500 VA"}, {"name": "CyberPower PR2200LCD", "rating": 0, "rating_count": 0, "price_usd": 849.95, "capacity_(w)": "1980 W", "capacity_(va)": "2200 VA"}, {"name": "APC SMT2200RMI2U", "rating": 0, "rating_count": 0, "price_usd": 455.89, "capacity_(w)": "1980 W", "capacity_(va)": "2200 VA"}, {"name": "APC SRT10KRMXLT", "rating": 0, "rating_count": 0, "price_usd": 5998.99, "capacity_(w)": "10000 W", "capacity_(va)": "10000 VA"}, {"name": "CyberPower CP1000AVRLCD", "rating": 3, "rating_count": 3, "price_usd": 129.95, "capacity_(w)": "600 W", "capacity_(va)": "1000 VA"}, {"name": "CyberPower CP550SLG", "rating": 4, "rating_count": 1, "price_usd": 56.95, "capacity_(w)": "330 W", "capacity_(va)": "550 VA"}, {"name": "CyberPower CP1000PFCLCD", "rating": 4, "rating_count": 6, "price_usd": 159.96, "capacity_(w)": "600 W", "capacity_(va)": "1000 VA"}, {"name": "CyberPower CP1300EPFCLCD", "rating": 0, "rating_count": 0, "price_usd": null, "capacity_(w)": "780 W", "capacity_(va)": "1300 VA"}, {"name": "CyberPower OR2200LCDRT2U", "rating": 0, "rating_count": 0, "price_usd": 499.96, "capacity_(w)": "1320 W", "capacity_(va)": "2000 VA"}, {"name": "CyberPower ST425", "rating": 0, "rating_count": 0, "price_usd": 46.95, "capacity_(w)": "260 W", "capacity_(va)": "425 VA"}, {"name": "APC BR1000G", "rating": 4, "rating_count": 4, "price_usd": 199.0, "capacity_(w)": "600 W", "capacity_(va)": "1000 VA"}, {"name": "CyberPower OR2200LCDRTXL2U", "rating": 0, "rating_count": 0, "price_usd": 609.95, "capacity_(w)": "1650 W", "capacity_(va)": "2190 VA"}, {"name": "APC BE670M1", "rating": 0, "rating_count": 0, "price_usd": 69.99, "capacity_(w)": "360 W", "capacity_(va)": "675 VA"}, {"name": "Tripp Lite SMART1500LCDT", "rating": 5, "rating_count": 2, "price_usd": 189.81, "capacity_(w)": "900 W", "capacity_(va)": "1500 VA"}, {"name": "CyberPower CP1200AVR", "rating": 0, "rating_count": 0, "price_usd": 144.95, "capacity_(w)": "720 W", "capacity_(va)": "1200 VA"}, {"name": "CyberPower CP1350PFCLCD", "rating": 4, "rating_count": 6, "price_usd": 199.95, "capacity_(w)": "810 W", "capacity_(va)": "1350 VA"}, {"name": "APC BE550G", "rating": 4, "rating_count": 3, "price_usd": 75.11, "capacity_(w)": "330 W", "capacity_(va)": "550 VA"}, {"name": "CyberPower CP850PFCLCD", "rating": 5, "rating_count": 1, "price_usd": 179.32, "capacity_(w)": "510 W", "capacity_(va)": "850 VA"}, {"name": "CyberPower PR2200LCDSL", "rating": 0, "rating_count": 0, "price_usd": 683.9, "capacity_(w)": "1980 W", "capacity_(va)": "2070 VA"}, {"name": "APC BE850G2", "rating": 0, "rating_count": 0, "price_usd": 106.99, "capacity_(w)": "450 W", "capacity_(va)": "850 VA"}, {"name": "APC BR1500MS", "rating": 5, "rating_count": 2, "price_usd": null, "capacity_(w)": "900 W", "capacity_(va)": "1500 VA"}, {"name": "Tripp Lite SU12000RT4UHW", "rating": 0, "rating_count": 0, "price_usd": 8345.0, "capacity_(w)": "8400 W", "capacity_(va)": "12000 VA"}, {"name": "APC BN650M1", "rating": 0, "rating_count": 0, "price_usd": 81.97, "capacity_(w)": "360 W", "capacity_(va)": "650 VA"}, {"name": "CyberPower GX1500U", "rating": 0, "rating_count": 0, "price_usd": 199.99, "capacity_(w)": "900 W", "capacity_(va)": "1500 VA"}, {"name": "APC SMX3000RMHV2UNC", "rating": 0, "rating_count": 0, "price_usd": 1820.43, "capacity_(w)": "2700 W", "capacity_(va)": "3000 VA"}, {"name": "CyberPower EC650LCD", "rating": 0, "rating_count": 0, "price_usd": 77.95, "capacity_(w)": "390 W", "capacity_(va)": "650 VA"}, {"name": "APC SRT6KXLT", "rating": 0, "rating_count": 0, "price_usd": 4164.0, "capacity_(w)": "6000 W", "capacity_(va)": "6000 VA"}, {"name": "APC BE650G1", "rating": 0, "rating_count": 0, "price_usd": 79.98, "capacity_(w)": "390 W", "capacity_(va)": "650 VA"}, {"name": "APC SRT5KXLI", "rating": 0, "rating_count": 0, "price_usd": 4158.5, "capacity_(w)": "4500 W", "capacity_(va)": "5000 VA"}, {"name": "CyberPower BRG1500AVRLCD", "rating": 0, "rating_count": 0, "price_usd": 199.95, "capacity_(w)": "900 W", "capacity_(va)": "1500 VA"}, {"name": "APC BR1300G", "rating": 4, "rating_count": 1, "price_usd": 399.0, "capacity_(w)": "780 W", "capacity_(va)": "1300 VA"}, {"name": "APC SMT2200US", "rating": 0, "rating_count": 0, "price_usd": 1196.92, "capacity_(w)": "1980 W", "capacity_(va)": "2200 VA"}, {"name": "CyberPower PR5000LCDRTXL5U", "rating": 0, "rating_count": 0, "price_usd": 1995.95, "capacity_(w)": "4000 W", "capacity_(va)": "5000 VA"}, {"name": "CyberPower GX1325U", "rating": 0, "rating_count": 0, "price_usd": 180.0, "capacity_(w)": "810 W", "capacity_(va)": "1325 VA"}, {"name": "APC SMX1500RMI2UNC", "rating": 0, "rating_count": 0, "price_usd": 1599.99, "capacity_(w)": "1200 W", "capacity_(va)": "1500 VA"}, {"name": "CyberPower PR3000LCDRTXL2UTAA", "rating": 0, "rating_count": 0, "price_usd": 1019.95, "capacity_(w)": "2400 W", "capacity_(va)": "3000 VA"}, {"name": "APC BX1000G", "rating": 0, "rating_count": 0, "price_usd": null, "capacity_(w)": "600 W", "capacity_(va)": "1000 VA"}, {"name": "APC BX600CI-IN", "rating": 0, "rating_count": 0, "price_usd": null, "capacity_(w)": "360 W", "capacity_(va)": "600 VA"}, {"name": "APC SMX3000RMLV2UNC", "rating": 0, "rating_count": 0, "price_usd": 1897.0, "capacity_(w)": "2700 W", "capacity_(va)": "3000 VA"}, {"name": "Tripp Lite SMART1300LCDT", "rating": 0, "rating_count": 0, "price_usd": 159.99, "capacity_(w)": "720 W", "capacity_(va)": "1300 VA"}, {"name": "CyberPower EC750G", "rating": 0, "rating_count": 0, "price_usd": null, "capacity_(w)": "450 W", "capacity_(va)": "750 VA"}, {"name": "APC SMC1500", "rating": 0, "rating_count": 0, "price_usd": 499.0, "capacity_(w)": "900 W", "capacity_(va)": "1500 VA"}, {"name": "APC SURT6000XLT", "rating": 0, "rating_count": 0, "price_usd": 5999.99, "capacity_(w)": "4200 W", "capacity_(va)": "6000 VA"}, {"name": "CyberPower CP425SLG", "rating": 0, "rating_count": 0, "price_usd": 48.95, "capacity_(w)": "255 W", "capacity_(va)": "425 VA"}, {"name": "CyberPower AVRG900U", "rating": 0, "rating_count": 0, "price_usd": 89.95, "capacity_(w)": "480 W", "capacity_(va)": "900 VA"}, {"name": "CyberPower CP825LCD", "rating": 0, "rating_count": 0, "price_usd": 89.95, "capacity_(w)": "450 W", "capacity_(va)": "825 VA"}, {"name": "Tripp Lite OMNI1500LCDT", "rating": 0, "rating_count": 0, "price_usd": 144.31, "capacity_(w)": "810 W", "capacity_(va)": "1500 VA"}, {"name": "CyberPower PR1500LCDRT2U", "rating": 0, "rating_count": 0, "price_usd": 515.95, "capacity_(w)": "1350 W", "capacity_(va)": "1500 VA"}, {"name": "APC BR500CI-AS", "rating": 0, "rating_count": 0, "price_usd": 59.99, "capacity_(w)": "300 W", "capacity_(va)": "500 VA"}, {"name": "APC SMT2200", "rating": 0, "rating_count": 0, "price_usd": 1289.0, "capacity_(w)": "1980 W", "capacity_(va)": "2200 VA"}, {"name": "APC BN1100M2", "rating": 5, "rating_count": 1, "price_usd": 169.9, "capacity_(w)": "600 W", "capacity_(va)": "1100 VA"}, {"name": "CyberPower CP900AVR", "rating": 0, "rating_count": 0, "price_usd": 119.95, "capacity_(w)": "560 W", "capacity_(va)": "900 VA"}, {"name": "CyberPower OR1500LCDRTXL2U", "rating": 0, "rating_count": 0, "price_usd": 469.95, "capacity_(w)": "1125 W", "capacity_(va)": "1500 VA"}, {"name": "APC SMT2200I", "rating": 0, "rating_count": 0, "price_usd": 1199.98, "capacity_(w)": "1980 W", "capacity_(va)": "2200 VA"}, {"name": "CyberPower PR1500LCDTAA", "rating": 0, "rating_count": 0, "price_usd": 459.95, "capacity_(w)": "1050 W", "capacity_(va)": "1500 VA"}, {"name": "APC BX1300G", "rating": 5, "rating_count": 3, "price_usd": null, "capacity_(w)": "780 W", "capacity_(va)": "1300 VA"}, {"name": "CyberPower LX1500GU-FC", "rating": 0, "rating_count": 0, "price_usd": null, "capacity_(w)": "900 W", "capacity_(va)": "1500 VA"}, {"name": "APC BK325I", "rating": 0, "rating_count": 0, "price_usd": 79.99, "capacity_(w)": "210 W", "capacity_(va)": "325 VA"}, {"name": "HP AF451A", "rating": 0, "rating_count": 0, "price_usd": 748.5, "capacity_(w)": "950 W", "capacity_(va)": "1400 VA"}, {"name": "CyberPower PR1500LCD", "rating": 0, "rating_count": 0, "price_usd": 489.95, "capacity_(w)": "1050 W", "capacity_(va)": "1500 VA"}, {"name": "CyberPower CP750LCD", "rating": 0, "rating_count": 0, "price_usd": 79.95, "capacity_(w)": "420 W", "capacity_(va)": "750 VA"}, {"name": "APC BK500", "rating": 0, "rating_count": 0, "price_usd": 114.99, "capacity_(w)": "300 W", "capacity_(va)": "500 VA"}, {"name": "APC SMX1500RMI2U", "rating": 0, "rating_count": 0, "price_usd": 899.95, "capacity_(w)": "1200 W", "capacity_(va)": "1500 VA"}, {"name": "APC BR550GI", "rating": 0, "rating_count": 0, "price_usd": 247.66, "capacity_(w)": "330 W", "capacity_(va)": "550 VA"}, {"name": "Tripp Lite SMART2200SLT", "rating": 0, "rating_count": 0, "price_usd": 772.99, "capacity_(w)": "1600 W", "capacity_(va)": "2200 VA"}, {"name": "CyberPower BRG1000AVRLCD", "rating": 0, "rating_count": 0, "price_usd": 149.94, "capacity_(w)": "600 W", "capacity_(va)": "1000 VA"}, {"name": "APC BK350EI", "rating": 0, "rating_count": 0, "price_usd": null, "capacity_(w)": "210 W", "capacity_(va)": "350 VA"}, {"name": "APC SMT1500I", "rating": 0, "rating_count": 0, "price_usd": 693.0, "capacity_(w)": "980 W", "capacity_(va)": "1500 VA"}, {"name": "APC BK650EI", "rating": 0, "rating_count": 0, "price_usd": null, "capacity_(w)": "400 W", "capacity_(va)": "650 VA"}, {"name": "APC SMX3000LVNC", "rating": 0, "rating_count": 0, "price_usd": 1651.0, "capacity_(w)": "2700 W", "capacity_(va)": "3000 VA"}, {"name": "CyberPower PR5000LCDRTXL5UTAA", "rating": 0, "rating_count": 0, "price_usd": 2383.95, "capacity_(w)": "4000 W", "capacity_(va)": "5000 VA"}, {"name": "APC BR1000MS", "rating": 0, "rating_count": 0, "price_usd": 149.99, "capacity_(w)": "600 W", "capacity_(va)": "1000 VA"}, {"name": "APC SUA2200", "rating": 0, "rating_count": 0, "price_usd": 1388.99, "capacity_(w)": "1980 W", "capacity_(va)": "2200 VA"}, {"name": "Tripp Lite SMX1500LCDT", "rating": 0, "rating_count": 0, "price_usd": 250.99, "capacity_(w)": "900 W", "capacity_(va)": "1500 VA"}, {"name": "CyberPower CP1500AVRT", "rating": 0, "rating_count": 0, "price_usd": 184.95, "capacity_(w)": "900 W", "capacity_(va)": "1500 VA"}, {"name": "CyberPower OR2200PFCRT2U", "rating": 0, "rating_count": 0, "price_usd": 914.99, "capacity_(w)": "1320 W", "capacity_(va)": "2000 VA"}, {"name": "APC SUA3000", "rating": 0, "rating_count": 0, "price_usd": 1149.0, "capacity_(w)": "2700 W", "capacity_(va)": "3000 VA"}, {"name": "APC BE750BB", "rating": 5, "rating_count": 1, "price_usd": 149.99, "capacity_(w)": "450 W", "capacity_(va)": "750 VA"}, {"name": "APC BE750G", "rating": 5, "rating_count": 1, "price_usd": 213.99, "capacity_(w)": "450 W", "capacity_(va)": "750 VA"}, {"name": "APC SMX3000LV", "rating": 0, "rating_count": 0, "price_usd": 1345.0, "capacity_(w)": "2700 W", "capacity_(va)": "3000 VA"}, {"name": "APC SRT5KXLT", "rating": 0, "rating_count": 0, "price_usd": 3892.92, "capacity_(w)": "4250 W", "capacity_(va)": "5000 VA"}, {"name": "APC BE400-GR", "rating": 0, "rating_count": 0, "price_usd": 208.0, "capacity_(w)": "240 W", "capacity_(va)": "400 VA"}, {"name": "APC BE650G1-LM", "rating": 0, "rating_count": 0, "price_usd": 101.0, "capacity_(w)": "390 W", "capacity_(va)": "650 VA"}]